Id,Category
0,Ben Stiller
1,Andy Serkis
2,Adrien Brody
3,Adriana Barraza
4,Albert Brooks
5,Andy Serkis
6,Andy Serkis
7,Adele
8,Andy Serkis
9,Alex Pettyfer
10,Anna Faris
11,Anthony Perkins
12,Bill Hader
13,Barabara Palvin
14,Benjamin Bratt
15,Alicia Vikander
16,Alessandra Ambrosio
17,Alan Arkin
18,Andy Serkis
19,Anderson Cooper
20,Ashley Graham
21,Andy Serkis
22,Benedict Cumberbatch
23,Adele
24,Ashley Greene
25,Alan Rickman
26,Andrew Lincoln
27,Andy Serkis
28,Andy Serkis
29,Andy Serkis
30,Angela Bassett
31,Ava Gardner
32,Alice Eve
33,Al Pacino
34,Bill Murray
35,Andreea Diaconu
36,Andrew Garfield
37,Andy Serkis
38,Anna Paquin
39,Alessandra Ambrosio
40,Angela Bassett
41,bella thorne
42,Anderson Cooper
43,Anne Baxter
44,Andy Serkis
45,Amy Ryan
46,Barbra Streisand
47,Andy Serkis
48,Alan Arkin
49,Alessandra Ambrosio
50,Aaron Paul
51,Ava Gardner
52,Benjamin Bratt
53,Bella Hadid
54,Bill Paxton
55,Amanda Seyfried
56,Adele
57,Andy Serkis
58,Bill O Reilly
59,Alec Baldwin
60,Anderson Cooper
61,Albert Finney
62,Audrey Tautou
63,Andy Serkis
64,Andy Garcia
65,Andy Serkis
66,Andreea Diaconu
67,Andy Serkis
68,Andy Serkis
69,Andy Serkis
70,Andy Serkis
71,Andy Serkis
72,Analeigh Tipton
73,Adele
74,Andy Serkis
75,Andy Serkis
76,Andy Serkis
77,Benedict Cumberbatch
78,Al Roker
79,Anna Friel
80,Al Pacino
81,Adriana Lima
82,Abigail Breslin
83,Anna Kendrick
84,Andy Serkis
85,Anjelica Huston
86,Alexis Thorpe
87,Angelina Jolie
88,Arnold Schwarzenegger
89,Anthony Mackie
90,Amanda Bynes
91,Benicio Del Toro
92,Amanda Seyfried
93,Ben Johnson
94,Alicia Vikander
95,Andy Serkis
96,Amanda Crew
97,Andy Serkis
98,Andy Serkis
99,Amber Heard
100,Adriana Lima
101,Andy Serkis
102,Ashley Judd
103,Amy Ryan
104,Andy Serkis
105,Andy Serkis
106,Anna Paquin
107,Andy Serkis
108,Ashley Judd
109,Akemi Darenogare
110,Bella Hadid
111,Andy Serkis
112,Andy Serkis
113,Amanda Bynes
114,Andy Serkis
115,Andrew Garfield
116,Bill Rancic
117,Andy Serkis
118,Anna Friel
119,Andy Serkis
120,Anne Hathaway
121,Anne Hathaway
122,Andrew Lincoln
123,Andy Serkis
124,Anthony Hopkins
125,Beyonce Knowles
126,Amy Schumer
127,Alice Eve
128,Ashley Greene
129,Bill Paxton
130,Alan Rickman
131,Anne Hathaway
132,Andy Serkis
133,Andy Serkis
134,Arnold Schwarzenegger
135,Adriana Barraza
136,Anne Hathaway
137,Andy Serkis
138,Angelina Jolie
139,Anderson Cooper
140,Adele
141,Amber Heard
142,Annette Bening
143,Andy Serkis
144,Alec Baldwin
145,Andy Serkis
146,Billy Bob Thornton
147,Andy Serkis
148,Andy Serkis
149,Andrew Luck
150,Albert Finney
151,Andy Serkis
152,Billy Bob Thornton
153,Andy Serkis
154,Ben Johnson
155,Andy Serkis
156,Andy Serkis
157,Bette Midler
158,Andy Serkis
159,Anna Friel
160,Andy Serkis
161,Anne Bancroft
162,Andy Serkis
163,Andy Serkis
164,Akemi Darenogare
165,Andy Serkis
166,Andy Serkis
167,Andy Serkis
168,Andy Serkis
169,Andy Serkis
170,Anna Faris
171,Andy Serkis
172,Anna Faris
173,Andy Serkis
174,Alice Eve
175,Andy Serkis
176,AnnaSophia Robb
177,Amanda Seyfried
178,Anne Hathaway
179,Barbra Streisand
180,Andy Serkis
181,Andy Serkis
182,Andrew Lincoln
183,Andy Serkis
184,Alexandra Daddario
185,Barry Pepper
186,Anthony Hopkins
187,Andy Serkis
188,Annette Bening
189,Andy Samberg
190,Berenice Bejo
191,Andy Serkis
192,Anjelica Huston
193,Andy Serkis
194,Anna Friel
195,Andy Serkis
196,Amanda Peet
197,Andy Serkis
198,Andy Serkis
199,Anne Baxter
200,Ashley Greene
201,Annette Bening
202,Andy Serkis
203,Alessandra Ambrosio
204,Andy Serkis
205,Andy Serkis
206,Andy Serkis
207,Andy Serkis
208,Betty White
209,Andy Serkis
210,Andy Serkis
211,Andy Serkis
212,Amy Ryan
213,Amanda Bynes
214,Ben Affleck
215,Arnold Schwarzenegger
216,Andy Serkis
217,Andy Serkis
218,Ben Stiller
219,Bill Pullman
220,Anna Faris
221,Abigail Breslin
222,Albert Brooks
223,Andy Serkis
224,Angelina Jolie
225,Andy Serkis
226,Anna Kendrick
227,Andy Serkis
228,Andy Serkis
229,Anna Paquin
230,Andy Serkis
231,Antonio Banderas
232,Andy Serkis
233,Amy Ryan
234,Anjelica Huston
235,Andy Serkis
236,Adrianne Palicki
237,Adriana Lima
238,Andy Serkis
239,Adriana Barraza
240,Amanda Bynes
241,Anthony Hopkins
242,Andy Serkis
243,Andy Serkis
244,Andy Serkis
245,Anna Kendrick
246,Andy Serkis
247,Aaron Taylor-Johnson
248,Andrew Luck
249,Benicio Del Toro
250,Andy Serkis
251,Arnold Schwarzenegger
252,Andy Serkis
253,Angelina Jolie
254,Andie MacDowell
255,Andy Serkis
256,Art Carney
257,Ashley Graham
258,Andreea Diaconu
259,Anna Kendrick
260,Alexandra Daddario
261,Ashley Judd
262,Andy Serkis
263,Ava Gardner
264,Andy Serkis
265,Betty White
266,Andy Serkis
267,Bill O Reilly
268,Amy Adams
269,Benedict Cumberbatch
270,Anna Paquin
271,Andy Serkis
272,Andy Serkis
273,Andy Serkis
274,Alice Eve
275,Benicio Del Toro
276,Andrew Garfield
277,Andy Serkis
278,Berenice Bejo
279,Anne Bancroft
280,Adriana Lima
281,Amber Heard
282,Andy Serkis
283,Albert Brooks
284,Andy Serkis
285,Anderson Cooper
286,Andy Serkis
287,Bill Hader
288,Andy Serkis
289,Anthony Perkins
290,Alexander Skarsgard
291,Bill Hader
292,bella thorne
293,Andy Serkis
294,Andy Serkis
295,Andy Serkis
296,Amy Schumer
297,Andy Serkis
298,Alex Pettyfer
299,Andrew Lincoln
300,Ben Stiller
301,Andy Serkis
302,Amanda Seyfried
303,Ben Johnson
304,Amy Adams
305,Andy Serkis
306,Analeigh Tipton
307,Bill Rancic
308,Anna Faris
309,Benjamin Bratt
310,Aaron Judge
311,Andy Garcia
312,Aaron Paul
313,Alx James
314,Bill Pullman
315,Andy Serkis
316,Anna Kendrick
317,Andy Serkis
318,Andy Serkis
319,Ashton Kutcher
320,Andy Serkis
321,Alicia Vikander
322,Andy Serkis
323,Alec Baldwin
324,Andy Serkis
325,Andy Serkis
326,Alan Rickman
327,Barry Pepper
328,Andy Samberg
329,Andy Serkis
330,Benjamin Bratt
331,Andy Serkis
332,Benjamin Bratt
333,Armin Mueller-Stahl
334,Anna Friel
335,Anthony Perkins
336,Audrey Tautou
337,Andy Samberg
338,Adrianne Palicki
339,Alexander Skarsgard
340,Andrew Lincoln
341,Andy Serkis
342,Alx James
343,Andy Serkis
344,Andy Serkis
345,Anne Hathaway
346,Andy Serkis
347,Ben Affleck
348,Anderson Cooper
349,Benjamin Bratt
350,Abigail Breslin
351,Andrew Luck
352,Ashley Judd
353,Anne Bancroft
354,Benjamin Bratt
355,Andrew Garfield
356,Barabara Palvin
357,Amanda Peet
358,Andy Serkis
359,Amanda Peet
360,Abigail Breslin
361,Andy Serkis
362,Andy Serkis
363,Amy Schumer
364,Andie MacDowell
365,Andy Serkis
366,Andy Serkis
367,Angela Bassett
368,Ashley Greene
369,Albert Brooks
370,Berenice Bejo
371,Andrew Garfield
372,Ben Kingsley
373,Andy Serkis
374,Andy Serkis
375,Albert Brooks
376,Andy Serkis
377,Ashley Graham
378,Andy Garcia
379,Andrew Lincoln
380,Audrey Tautou
381,Ashley Graham
382,Alex Pettyfer
383,Andy Serkis
384,Andy Garcia
385,Andy Serkis
386,Anthony Perkins
387,Benjamin Bratt
388,Andy Serkis
389,Anna Paquin
390,Alan Arkin
391,Albert Brooks
392,Anthony Perkins
393,Bette Midler
394,Albert Finney
395,Angelina Jolie
396,Andy Serkis
397,Andy Serkis
398,Adam Sandler
399,AnnaSophia Robb
400,Anthony Mackie
401,Bella Hadid
402,Andrew Lincoln
403,Andy Serkis
404,Andy Serkis
405,Anthony Perkins
406,Andy Serkis
407,Andy Serkis
408,Andy Serkis
409,Adriana Lima
410,Audrey Tautou
411,Andy Serkis
412,Adrien Brody
413,Alex Pettyfer
414,Barry Pepper
415,Andy Serkis
416,Ben Kingsley
417,Ben Stiller
418,Andy Serkis
419,Andy Serkis
420,Andy Serkis
421,Andy Serkis
422,Andy Garcia
423,Alx James
424,Ashton Kutcher
425,Berenice Bejo
426,Andy Samberg
427,Andy Serkis
428,Bill Rancic
429,Anna Paquin
430,Andy Serkis
431,Bill Murray
432,Andy Serkis
433,Art Carney
434,Ashley Judd
435,Andy Serkis
436,Andy Serkis
437,Ben Stiller
438,Anderson Cooper
439,Andy Serkis
440,Amy Ryan
441,Alice Eve
442,Alexandra Daddario
443,Ali Larter
444,Andy Serkis
445,Benjamin Bratt
446,Art Carney
447,Anjelica Huston
448,Annette Bening
449,Amy Ryan
450,Angela Bassett
451,Andy Serkis
452,Andy Serkis
453,Andy Serkis
454,Ben Foster
455,Alexander Skarsgard
456,Alexis Thorpe
457,Andy Serkis
458,Alex Pettyfer
459,Adrien Brody
460,AnnaSophia Robb
461,Bill Rancic
462,Andy Serkis
463,Antonio Banderas
464,Amanda Crew
465,Andy Garcia
466,Annette Bening
467,Andy Serkis
468,Amanda Seyfried
469,Antonio Banderas
470,Antonio Banderas
471,Bill Rancic
472,Andy Serkis
473,Aaron Taylor-Johnson
474,Amy Adams
475,Andy Serkis
476,Alexandra Daddario
477,Alan Alda
478,Antonio Banderas
479,Bill O Reilly
480,Barbra Streisand
481,Andy Garcia
482,Andy Serkis
483,Andy Garcia
484,Ashley Graham
485,Abigail Breslin
486,Alan Rickman
487,Annette Bening
488,Ava Gardner
489,Alec Baldwin
490,Berenice Bejo
491,Barabara Palvin
492,Alec Baldwin
493,Andy Serkis
494,Adam Sandler
495,Amanda Seyfried
496,Benicio Del Toro
497,Berenice Bejo
498,Andy Serkis
499,Abigail Breslin
500,Alec Baldwin
501,Anderson Cooper
502,Andy Serkis
503,Andy Murray
504,Andy Serkis
505,Alan Arkin
506,Andrew Garfield
507,bella thorne
508,Benjamin Bratt
509,Ashley Judd
510,Antonio Banderas
511,Alicia Vikander
512,Andy Serkis
513,Ashley Judd
514,Ava Gardner
515,Andy Serkis
516,Alessandra Ambrosio
517,Anjelica Huston
518,Albert Finney
519,Andy Serkis
520,Barabara Palvin
521,Andy Serkis
522,Andy Serkis
523,Bill Hader
524,Ben Foster
525,Bill O Reilly
526,Audrey Hepburn
527,Bill Murray
528,Andy Serkis
529,Adam Sandler
530,Andrew Garfield
531,Anjelica Huston
532,Abigail Breslin
533,Anna Sui
534,Adriana Barraza
535,Alan Alda
536,Ben Foster
537,Andy Serkis
538,Andy Serkis
539,Bernie Mac
540,Ben Johnson
541,Akemi Darenogare
542,Anderson Cooper
543,Andy Serkis
544,Andy Serkis
545,Andy Serkis
546,Alicia Vikander
547,bella thorne
548,Andy Serkis
549,Anderson Cooper
550,Andy Serkis
551,Adrianne Palicki
552,Benedict Cumberbatch
553,Andy Garcia
554,Andy Serkis
555,Anna Kendrick
556,Andy Serkis
557,Alex Pettyfer
558,Andy Serkis
559,Bill Hader
560,Andy Serkis
561,Benedict Cumberbatch
562,Anthony Hopkins
563,Akemi Darenogare
564,Andy Serkis
565,Andy Serkis
566,Betty White
567,Beyonce Knowles
568,Alex Pettyfer
569,Ben Stiller
570,Alex Pettyfer
571,Anthony Perkins
572,Anna Friel
573,Angelina Jolie
574,Bella Hadid
575,Andy Serkis
576,Andy Serkis
577,Andy Serkis
578,Bill O Reilly
579,Andie MacDowell
580,Bette Midler
581,Andy Samberg
582,Andie MacDowell
583,Adrianne Palicki
584,Anderson Cooper
585,Andy Serkis
586,Andy Garcia
587,Ben Stiller
588,Andy Serkis
589,Andy Serkis
590,Andy Serkis
591,Andy Serkis
592,Bill Rancic
593,Ben Affleck
594,Ashton Kutcher
595,Andy Serkis
596,Albert Brooks
597,bella thorne
598,Angela Bassett
599,Amanda Seyfried
600,Andy Serkis
601,Alan Alda
602,Bill Pullman
603,Anna Friel
604,Andy Serkis
605,Bette Midler
606,Andy Serkis
607,Arnold Schwarzenegger
608,Andy Serkis
609,Andy Serkis
610,Aaron Paul
611,Andy Serkis
612,Bill Pullman
613,AnnaSophia Robb
614,Anthony Perkins
615,Amber Heard
616,Andy Serkis
617,Berenice Bejo
618,Andy Serkis
619,Art Carney
620,Andy Serkis
621,Andy Serkis
622,Andy Serkis
623,Bill Rancic
624,Albert Brooks
625,Anna Faris
626,Andy Serkis
627,Andy Serkis
628,Ben Stiller
629,Andy Serkis
630,Andy Serkis
631,Andy Serkis
632,Anthony Mackie
633,Billy Bob Thornton
634,Andy Serkis
635,Adele
636,Alex Pettyfer
637,Amanda Peet
638,Ashley Greene
639,Albert Finney
640,Adrien Brody
641,Andy Serkis
642,Antonio Banderas
643,Andy Samberg
644,Alessandra Ambrosio
645,Bill Paxton
646,Barabara Palvin
647,Andy Serkis
648,Alice Eve
649,Benjamin Bratt
650,Ashley Judd
651,Bill Pullman
652,Alessandra Ambrosio
653,Anna Paquin
654,bella thorne
655,Alexander Skarsgard
656,Alessandra Ambrosio
657,Antonio Banderas
658,Anthony Mackie
659,Akemi Darenogare
660,Amanda Seyfried
661,Anne Bancroft
662,Adriana Barraza
663,Andy Serkis
664,Andy Serkis
665,Bill Murray
666,Bill Murray
667,Anne Baxter
668,Andy Serkis
669,Andy Serkis
670,Anderson Cooper
671,Andy Serkis
672,Andy Serkis
673,Alice Eve
674,Andy Serkis
675,Alessandra Ambrosio
676,Anthony Hopkins
677,Amanda Bynes
678,Amanda Peet
679,Amy Ryan
680,Amy Schumer
681,Adrianne Palicki
682,Ali Larter
683,Barbra Streisand
684,Ben Johnson
685,Ben Stiller
686,Bill Murray
687,Angela Bassett
688,Barbra Streisand
689,Andy Serkis
690,Amy Ryan
691,Bill Paxton
692,Andy Garcia
693,Andy Serkis
694,Andy Serkis
695,Anna Faris
696,Andy Serkis
697,Andrew Garfield
698,Andy Serkis
699,AnnaSophia Robb
700,Barbra Streisand
701,Andy Serkis
702,Berenice Bejo
703,Audrey Tautou
704,Andy Samberg
705,Anna Paquin
706,Armin Mueller-Stahl
707,Anthony Hopkins
708,Aaron Paul
709,Alx James
710,Alx James
711,Analeigh Tipton
712,Andy Serkis
713,Audrey Hepburn
714,Albert Brooks
715,Andy Serkis
716,Annette Bening
717,Anne Bancroft
718,Anthony Hopkins
719,Andy Serkis
720,Andrew Garfield
721,Andy Serkis
722,Andy Serkis
723,Andy Serkis
724,Aaron Paul
725,Arnold Schwarzenegger
726,Andy Serkis
727,Anna Faris
728,Adele
729,Benicio Del Toro
730,Ben Affleck
731,Andy Serkis
732,Andy Serkis
733,Andy Serkis
734,Anne Hathaway
735,Alx James
736,Andy Serkis
737,Andy Serkis
738,Bill Rancic
739,Anjelica Huston
740,Bill Murray
741,Andy Serkis
742,Anderson Cooper
743,Amber Heard
744,Alicia Vikander
745,Andy Serkis
746,Annette Bening
747,bella thorne
748,Andy Serkis
749,Andy Serkis
750,Akemi Darenogare
751,Anna Kendrick
752,Benedict Cumberbatch
753,Annette Bening
754,Antonio Banderas
755,Ben Foster
756,Andy Serkis
757,Billy Bob Thornton
758,Ben Affleck
759,Antonio Banderas
760,Andy Serkis
761,Ben Johnson
762,Andy Serkis
763,Ashley Judd
764,Anna Friel
765,Andy Serkis
766,Andy Serkis
767,Andy Serkis
768,Amanda Bynes
769,Bill Paxton
770,Andy Serkis
771,Ashley Greene
772,Andy Serkis
773,Ashton Kutcher
774,Bella Hadid
775,Annette Bening
776,Andy Serkis
777,Alessandra Ambrosio
778,Ben Kingsley
779,Andy Serkis
780,Andy Serkis
781,Alx James
782,Ava Gardner
783,Bill Paxton
784,Amanda Peet
785,Andy Serkis
786,AnnaSophia Robb
787,bella thorne
788,Andy Serkis
789,Amanda Seyfried
790,Andy Serkis
791,Armin Mueller-Stahl
792,Andy Serkis
793,Andie MacDowell
794,Ava Gardner
795,Andy Serkis
796,Amy Ryan
797,Ben Affleck
798,Ava Gardner
799,Ben Johnson
800,Anna Kendrick
801,Anjelica Huston
802,Analeigh Tipton
803,Aaron Judge
804,Andy Serkis
805,Antonio Banderas
806,Angela Bassett
807,Andy Garcia
808,Anne Hathaway
809,Ashton Kutcher
810,Adrianne Palicki
811,bella thorne
812,Ben Affleck
813,Alice Eve
814,Amy Ryan
815,Alec Baldwin
816,Andy Serkis
817,Andy Serkis
818,Ben Affleck
819,AnnaSophia Robb
820,Adrianne Palicki
821,Bill O Reilly
822,Anna Friel
823,Andy Serkis
824,Barry Pepper
825,Andy Serkis
826,Anna Paquin
827,Anne Baxter
828,Bette Midler
829,Andy Serkis
830,Andreea Diaconu
831,Andy Serkis
832,Andy Serkis
833,Alan Rickman
834,Amanda Bynes
835,Andy Murray
836,Analeigh Tipton
837,Abigail Breslin
838,Ashley Judd
839,Benjamin Bratt
840,Betty White
841,Andy Serkis
842,Ben Stiller
843,Albert Finney
844,Andy Garcia
845,bella thorne
846,Andy Serkis
847,bella thorne
848,Aaron Paul
849,Andy Serkis
850,Benicio Del Toro
851,Andy Serkis
852,Andy Serkis
853,Angelina Jolie
854,Adam Sandler
855,Amanda Peet
856,Amber Heard
857,Anne Bancroft
858,Andy Serkis
859,Alex Pettyfer
860,Andy Serkis
861,Alex Pettyfer
862,Benicio Del Toro
863,Andy Garcia
864,Amy Schumer
865,Ben Stiller
866,Andy Serkis
867,Andy Serkis
868,Antonio Banderas
869,Bill Daley
870,Anjelica Huston
871,Ashley Judd
872,Albert Finney
873,Anne Hathaway
874,Bernie Mac
875,Bill Murray
876,Andy Serkis
877,Andy Serkis
878,Andy Serkis
879,Andrew Garfield
880,Anne Bancroft
881,Ali Larter
882,Andrew Lincoln
883,Alan Alda
884,Anna Faris
885,Andy Serkis
886,Anna Kendrick
887,Alan Rickman
888,Andy Serkis
889,Billy Bob Thornton
890,Alessandra Ambrosio
891,Andy Serkis
892,Andy Serkis
893,Andy Serkis
894,Berenice Bejo
895,Albert Finney
896,Andy Serkis
897,Anne Bancroft
898,Ava Gardner
899,Angelina Jolie
900,AnnaSophia Robb
901,Angela Bassett
902,Amy Ryan
903,Andy Serkis
904,Bill Pullman
905,Andy Serkis
906,Andy Serkis
907,Anne Baxter
908,Alx James
909,Andy Samberg
910,Andy Serkis
911,Andy Samberg
912,Beyonce Knowles
913,Andy Serkis
914,Audrey Tautou
915,Anna Paquin
916,Andy Serkis
917,Ashley Judd
918,Alan Rickman
919,Amy Adams
920,Benicio Del Toro
921,Andy Serkis
922,Anne Baxter
923,Andy Serkis
924,Art Carney
925,Alexis Thorpe
926,Anjelica Huston
927,Andy Serkis
928,Anna Faris
929,Alan Arkin
930,Angela Bassett
931,Amy Schumer
932,Alexandra Daddario
933,Aaron Judge
934,Anne Hathaway
935,Amber Heard
936,Bill Rancic
937,Bill O Reilly
938,Amanda Peet
939,Anthony Hopkins
940,Ashley Greene
941,Alan Rickman
942,Amanda Crew
943,Andy Serkis
944,Bill O Reilly
945,Ben Foster
946,Ashley Judd
947,Armin Mueller-Stahl
948,Adriana Barraza
949,Adriana Barraza
950,Alexandra Daddario
951,Alexandra Daddario
952,Andy Serkis
953,Al Pacino
954,Andy Samberg
955,Albert Finney
956,Andy Serkis
957,Anne Baxter
958,bella thorne
959,Aaron Taylor-Johnson
960,Alan Alda
961,Andrew Garfield
962,Ashley Judd
963,Bill Murray
964,Andy Serkis
965,Ashley Judd
966,Andy Serkis
967,Albert Finney
968,Alx James
969,Alice Eve
970,Amy Schumer
971,Al Pacino
972,Amanda Peet
973,Andy Serkis
974,Adriana Barraza
975,Andy Serkis
976,Anna Paquin
977,Audrey Tautou
978,Ashley Greene
979,Anna Friel
980,Anthony Hopkins
981,Andy Serkis
982,Andy Serkis
983,Anna Friel
984,Bill Paxton
985,Analeigh Tipton
986,Andy Serkis
987,Anthony Mackie
988,Anne Hathaway
989,Al Pacino
990,Barabara Palvin
991,Andy Serkis
992,Ashley Judd
993,Alexis Thorpe
994,Amanda Bynes
995,Andy Serkis
996,Andy Serkis
997,Alx James
998,Alicia Vikander
999,Andy Serkis
1000,Anne Hathaway
1001,Benjamin Bratt
1002,Annette Bening
1003,Benjamin Bratt
1004,Barbra Streisand
1005,Anthony Perkins
1006,Andy Serkis
1007,Amy Schumer
1008,Bill Hader
1009,Amanda Seyfried
1010,Alan Alda
1011,Alessandra Ambrosio
1012,Adrianne Palicki
1013,Albert Brooks
1014,Andy Serkis
1015,Berenice Bejo
1016,Ashton Kutcher
1017,Ashley Greene
1018,Bill O Reilly
1019,Adriana Lima
1020,Alessandra Ambrosio
1021,Benicio Del Toro
1022,Anderson Cooper
1023,Andy Serkis
1024,Andy Serkis
1025,Andy Serkis
1026,Andy Serkis
1027,Anthony Hopkins
1028,Betty White
1029,Bill Rancic
1030,Abigail Breslin
1031,Andy Serkis
1032,Alicia Vikander
1033,Ben Stiller
1034,Berenice Bejo
1035,Amanda Crew
1036,Andy Serkis
1037,Andy Serkis
1038,Amy Ryan
1039,Andy Serkis
1040,Andy Samberg
1041,Amanda Bynes
1042,Anderson Cooper
1043,Andie MacDowell
1044,Art Carney
1045,Beyonce Knowles
1046,Amanda Seyfried
1047,Anne Hathaway
1048,Bette Midler
1049,Amanda Peet
1050,Andy Serkis
1051,Annette Bening
1052,Amanda Seyfried
1053,Beyonce Knowles
1054,Andy Serkis
1055,Andy Serkis
1056,Ben Stiller
1057,Ashton Kutcher
1058,Andy Serkis
1059,Anderson Cooper
1060,Berenice Bejo
1061,Andy Serkis
1062,Andie MacDowell
1063,Benjamin Bratt
1064,Andy Serkis
1065,Andy Serkis
1066,Benicio Del Toro
1067,Bette Midler
1068,Andy Murray
1069,Andy Serkis
1070,Ava Gardner
1071,Adrianne Palicki
1072,Armin Mueller-Stahl
1073,bella thorne
1074,Andy Serkis
1075,Andy Serkis
1076,Alexandra Daddario
1077,Alessandra Ambrosio
1078,Arnold Schwarzenegger
1079,Ben Stiller
1080,Alexandra Daddario
1081,Andy Serkis
1082,Andy Serkis
1083,Anthony Hopkins
1084,Adrianne Palicki
1085,Amy Ryan
1086,Amanda Seyfried
1087,Anna Kendrick
1088,Andy Serkis
1089,Adriana Barraza
1090,Betty White
1091,Arnold Schwarzenegger
1092,Barbra Streisand
1093,Andy Serkis
1094,Andy Serkis
1095,Anthony Perkins
1096,Anthony Hopkins
1097,Andy Serkis
1098,Ben Kingsley
1099,Andy Serkis
1100,Billy Bob Thornton
1101,Betty White
1102,Andy Serkis
1103,Andy Murray
1104,Bill Pullman
1105,Andy Serkis
1106,Alan Arkin
1107,Ashton Kutcher
1108,Angelina Jolie
1109,Andy Samberg
1110,Andy Serkis
1111,Benicio Del Toro
1112,Andy Serkis
1113,Andy Serkis
1114,Amy Adams
1115,Andy Serkis
1116,Andy Serkis
1117,Andy Samberg
1118,Andy Serkis
1119,Alicia Vikander
1120,Anne Baxter
1121,Anne Baxter
1122,Amanda Peet
1123,Ali Larter
1124,Ben Foster
1125,Anne Hathaway
1126,Anne Baxter
1127,Amanda Bynes
1128,Al Roker
1129,Ben Stiller
1130,Adam Sandler
1131,Antonio Banderas
1132,Andy Serkis
1133,Amanda Peet
1134,Anne Hathaway
1135,Adele
1136,Antonio Banderas
1137,Anthony Perkins
1138,Barbra Streisand
1139,Aaron Taylor-Johnson
1140,Andy Serkis
1141,Andy Serkis
1142,Andy Serkis
1143,Andy Serkis
1144,Billy Bob Thornton
1145,bella thorne
1146,Ashley Greene
1147,Alexandra Daddario
1148,Andy Serkis
1149,Arnold Schwarzenegger
1150,Andy Serkis
1151,Andy Serkis
1152,Alice Eve
1153,Anne Baxter
1154,Andy Serkis
1155,Alan Rickman
1156,Andy Samberg
1157,Benjamin Bratt
1158,Andy Serkis
1159,Andy Serkis
1160,Analeigh Tipton
1161,Andie MacDowell
1162,Andy Serkis
1163,Annette Bening
1164,Andy Serkis
1165,Adriana Barraza
1166,Adriana Barraza
1167,Amy Adams
1168,Amanda Peet
1169,Andy Serkis
1170,Bill O Reilly
1171,Ben Kingsley
1172,Andy Serkis
1173,Bette Midler
1174,Audrey Hepburn
1175,Andy Serkis
1176,Anna Sui
1177,Bill Hader
1178,Anne Baxter
1179,Audrey Tautou
1180,Adriana Lima
1181,Alan Arkin
1182,Andy Serkis
1183,Ben Kingsley
1184,Angela Bassett
1185,Ben Johnson
1186,Bill Pullman
1187,Bette Midler
1188,Amanda Peet
1189,Anne Hathaway
1190,Alice Eve
1191,Billy Bob Thornton
1192,Billy Bob Thornton
1193,Andy Serkis
1194,Amber Heard
1195,Bette Midler
1196,Analeigh Tipton
1197,Berenice Bejo
1198,Andy Serkis
1199,Andy Serkis
1200,Andy Serkis
1201,Andy Serkis
1202,Ben Johnson
1203,Bette Midler
1204,Andy Serkis
1205,Ben Affleck
1206,Alexandra Daddario
1207,Ben Stiller
1208,Andy Serkis
1209,Amy Ryan
1210,Andy Serkis
1211,Ben Stiller
1212,Ben Foster
1213,Aaron Paul
1214,Andy Serkis
1215,Alessandra Ambrosio
1216,Ben Johnson
1217,Amy Schumer
1218,Ava Gardner
1219,Amber Heard
1220,Anne Hathaway
1221,Berenice Bejo
1222,Andy Serkis
1223,Anna Friel
1224,bella thorne
1225,Bette Midler
1226,Albert Brooks
1227,Barbra Streisand
1228,Anthony Perkins
1229,Barry Pepper
1230,Andy Serkis
1231,Andy Serkis
1232,Abigail Breslin
1233,Andy Serkis
1234,Berenice Bejo
1235,Andy Serkis
1236,Anna Paquin
1237,Amanda Crew
1238,Andy Serkis
1239,Berenice Bejo
1240,Bill O Reilly
1241,Andy Serkis
1242,Audrey Tautou
1243,Alx James
1244,Bill Murray
1245,Bill Hader
1246,Andy Serkis
1247,Alan Rickman
1248,Andy Serkis
1249,Andy Serkis
1250,Barry Pepper
1251,Audrey Tautou
1252,Andy Serkis
1253,Alan Rickman
1254,Amanda Peet
1255,Bill O Reilly
1256,Andy Serkis
1257,Andy Serkis
1258,Bette Midler
1259,Andy Serkis
1260,Andy Serkis
1261,Andy Garcia
1262,Barry Pepper
1263,Antonio Banderas
1264,Anthony Mackie
1265,Anna Faris
1266,bella thorne
1267,Ashton Kutcher
1268,Andreea Diaconu
1269,Betty White
1270,Amy Schumer
1271,Andy Garcia
1272,Andy Serkis
1273,Andy Serkis
1274,Andy Serkis
1275,Bette Midler
1276,Amber Heard
1277,Andy Murray
1278,Amanda Seyfried
1279,Adam Sandler
1280,Andy Serkis
1281,Anne Hathaway
1282,Analeigh Tipton
1283,Andy Serkis
1284,Andy Serkis
1285,Alx James
1286,Amy Adams
1287,Berenice Bejo
1288,Ava Gardner
1289,Alec Baldwin
1290,Andy Serkis
1291,Billy Bob Thornton
1292,Ben Johnson
1293,Andy Serkis
1294,Amy Ryan
1295,Andy Serkis
1296,Ashley Graham
1297,Andy Serkis
1298,Antonio Banderas
1299,Andy Serkis
1300,Andy Serkis
1301,Andy Serkis
1302,Andy Serkis
1303,Albert Finney
1304,Andy Serkis
1305,Amy Adams
1306,Barry Pepper
1307,Bill Rancic
1308,Andy Serkis
1309,Barabara Palvin
1310,Amanda Seyfried
1311,Bill Hader
1312,Amanda Peet
1313,Benicio Del Toro
1314,Alec Baldwin
1315,Adele
1316,Andy Serkis
1317,Andy Serkis
1318,Bill Murray
1319,Audrey Tautou
1320,Anne Baxter
1321,Andy Serkis
1322,Barbra Streisand
1323,Bill Murray
1324,Andy Serkis
1325,Andy Serkis
1326,Anne Bancroft
1327,Ashley Graham
1328,Andy Serkis
1329,Bill Rancic
1330,Andy Serkis
1331,Amy Adams
1332,Aaron Taylor-Johnson
1333,Anthony Perkins
1334,Aaron Paul
1335,Alan Arkin
1336,Anna Faris
1337,Amy Adams
1338,Adele
1339,Andy Serkis
1340,Ava Gardner
1341,Alexandra Daddario
1342,Aaron Taylor-Johnson
1343,Bill Rancic
1344,Anna Kendrick
1345,Andy Serkis
1346,Betty White
1347,Andy Garcia
1348,Art Carney
1349,Andy Serkis
1350,Bill Hader
1351,Andy Serkis
1352,Betty White
1353,Benicio Del Toro
1354,Alexander Skarsgard
1355,Andy Serkis
1356,Ben Foster
1357,Alec Baldwin
1358,Alessandra Ambrosio
1359,Andy Serkis
1360,Andy Serkis
1361,Amber Heard
1362,Andy Serkis
1363,Andy Serkis
1364,Al Roker
1365,Ashley Greene
1366,Annette Bening
1367,Ashley Graham
1368,Audrey Tautou
1369,Andy Serkis
1370,Anna Kendrick
1371,Amber Heard
1372,Andy Serkis
1373,Annette Bening
1374,Andy Serkis
1375,Adele
1376,Alx James
1377,Andy Serkis
1378,Alice Eve
1379,Anne Baxter
1380,Benjamin Bratt
1381,Andy Garcia
1382,Bill Murray
1383,Andy Serkis
1384,Amber Heard
1385,Audrey Hepburn
1386,Amber Heard
1387,Berenice Bejo
1388,Billy Bob Thornton
1389,Andy Serkis
1390,Andy Serkis
1391,Adrien Brody
1392,Andy Serkis
1393,Bill Paxton
1394,Andy Serkis
1395,Amy Schumer
1396,Andy Serkis
1397,Anne Baxter
1398,Bill Rancic
1399,Andrew Lincoln
1400,Betty White
1401,Ashley Graham
1402,Ava Gardner
1403,Albert Brooks
1404,Alice Eve
1405,Amanda Bynes
1406,Andy Serkis
1407,Andy Serkis
1408,Andy Serkis
1409,Anthony Hopkins
1410,Andy Serkis
1411,Bill Pullman
1412,Andrew Garfield
1413,Anthony Hopkins
1414,Andy Serkis
1415,Adrianne Palicki
1416,Andy Serkis
1417,Andy Serkis
1418,Andy Serkis
1419,Benedict Cumberbatch
1420,Adam Sandler
1421,Alan Arkin
1422,Anne Baxter
1423,Ben Stiller
1424,Benjamin Bratt
1425,Ben Affleck
1426,Andie MacDowell
1427,Billy Bob Thornton
1428,Ben Stiller
1429,Andy Serkis
1430,Alexandra Daddario
1431,Anthony Hopkins
1432,Abigail Breslin
1433,bella thorne
1434,Andy Samberg
1435,Andy Serkis
1436,Benjamin Bratt
1437,Bella Hadid
1438,Andrew Garfield
1439,Bill Daley
1440,Andy Murray
1441,Ali Larter
1442,Benicio Del Toro
1443,Ben Stiller
1444,Bill Pullman
1445,Andy Serkis
1446,Andy Serkis
1447,Amber Heard
1448,Andy Garcia
1449,Alex Pettyfer
1450,Amy Schumer
1451,Arnold Schwarzenegger
1452,Andreea Diaconu
1453,Ashley Judd
1454,Andy Serkis
1455,Bette Midler
1456,Alexis Thorpe
1457,Anna Paquin
1458,Andy Serkis
1459,Andy Serkis
1460,Amanda Bynes
1461,Anthony Hopkins
1462,Alexis Thorpe
1463,Adriana Lima
1464,Bill Rancic
1465,Andy Serkis
1466,Al Pacino
1467,Andy Serkis
1468,Aaron Taylor-Johnson
1469,Andy Serkis
1470,Amanda Crew
1471,Andy Serkis
1472,Billy Bob Thornton
1473,Anna Paquin
1474,Abigail Breslin
1475,Andy Serkis
1476,Ashley Judd
1477,Andy Serkis
1478,Ben Johnson
1479,Andy Samberg
1480,Andy Serkis
1481,Alicia Vikander
1482,Abigail Breslin
1483,Andy Serkis
1484,Alessandra Ambrosio
1485,Al Pacino
1486,Alx James
1487,Ben Johnson
1488,Beyonce Knowles
1489,Andy Garcia
1490,Amy Ryan
1491,Andy Serkis
1492,Andy Serkis
1493,Andy Serkis
1494,Adrianne Palicki
1495,Benjamin Bratt
1496,Andrew Garfield
1497,Angela Bassett
1498,Alexandra Daddario
1499,Andy Serkis
1500,Bernie Mac
1501,Andy Serkis
1502,Armin Mueller-Stahl
1503,Anne Bancroft
1504,Anna Friel
1505,Bernie Mac
1506,Andy Serkis
1507,Andy Serkis
1508,Alx James
1509,Andy Serkis
1510,Andy Samberg
1511,Andy Serkis
1512,Andy Serkis
1513,Andy Murray
1514,Andy Serkis
1515,Barabara Palvin
1516,Andy Serkis
1517,Antonio Banderas
1518,Andy Serkis
1519,Bill Hader
1520,Bill Paxton
1521,Andy Serkis
1522,Ben Stiller
1523,Alexis Thorpe
1524,Aaron Taylor-Johnson
1525,Aaron Judge
1526,Billy Bob Thornton
1527,Andy Serkis
1528,Ben Kingsley
1529,Andy Serkis
1530,Ashley Graham
1531,Andy Serkis
1532,Adrianne Palicki
1533,Andreea Diaconu
1534,Amanda Bynes
1535,Ashley Judd
1536,Analeigh Tipton
1537,Alex Pettyfer
1538,Ben Johnson
1539,Benjamin Bratt
1540,Alan Alda
1541,Anne Hathaway
1542,Andy Serkis
1543,Ben Stiller
1544,Andy Serkis
1545,Arnold Schwarzenegger
1546,Alan Rickman
1547,Anne Bancroft
1548,Andy Serkis
1549,Amber Heard
1550,Andy Serkis
1551,Andy Serkis
1552,Ben Affleck
1553,Alx James
1554,Ashton Kutcher
1555,Alex Pettyfer
1556,Andy Serkis
1557,Angela Bassett
1558,Andreea Diaconu
1559,Ashley Greene
1560,Andy Serkis
1561,Anna Kendrick
1562,Andie MacDowell
1563,Antonio Banderas
1564,Armin Mueller-Stahl
1565,Alex Pettyfer
1566,Ashley Graham
1567,Andy Serkis
1568,Amanda Crew
1569,Andy Serkis
1570,Andy Serkis
1571,Andy Serkis
1572,Amy Ryan
1573,Ben Stiller
1574,Andrew Lincoln
1575,Aaron Judge
1576,Andy Serkis
1577,Adam Sandler
1578,Andy Serkis
1579,Ben Stiller
1580,Adrien Brody
1581,Alan Rickman
1582,Bill Pullman
1583,Amanda Seyfried
1584,Andy Serkis
1585,Ali Larter
1586,Bill Hader
1587,Andy Serkis
1588,Adam Sandler
1589,Barabara Palvin
1590,Andy Serkis
1591,Andy Serkis
1592,bella thorne
1593,Ava Gardner
1594,Andy Serkis
1595,Ben Foster
1596,Alec Baldwin
1597,Alan Arkin
1598,Antonio Banderas
1599,Andy Serkis
1600,Andy Serkis
1601,Billy Bob Thornton
1602,Annette Bening
1603,Andy Serkis
1604,Ashley Greene
1605,Andy Serkis
1606,Andy Serkis
1607,Bill Pullman
1608,Adam Sandler
1609,Andy Serkis
1610,Anderson Cooper
1611,Andy Serkis
1612,Anthony Hopkins
1613,Alan Rickman
1614,Andy Serkis
1615,Anne Hathaway
1616,Albert Brooks
1617,Andy Serkis
1618,Anthony Perkins
1619,Albert Brooks
1620,Angela Bassett
1621,Adam Sandler
1622,Audrey Hepburn
1623,Anjelica Huston
1624,Billy Bob Thornton
1625,Andie MacDowell
1626,Andy Garcia
1627,Benjamin Bratt
1628,Andy Serkis
1629,Beyonce Knowles
1630,Andy Serkis
1631,Antonio Banderas
1632,Andy Serkis
1633,Andrew Lincoln
1634,Alice Eve
1635,Bernie Mac
1636,Bette Midler
1637,Ben Stiller
1638,Alexander Skarsgard
1639,Andy Serkis
1640,Anderson Cooper
1641,Bill Rancic
1642,Andy Serkis
1643,Andrew Garfield
1644,Andy Serkis
1645,Art Carney
1646,Andy Serkis
1647,Angela Bassett
1648,Andy Serkis
1649,Ashley Graham
1650,Anna Paquin
1651,Andy Murray
1652,Andy Serkis
1653,Akemi Darenogare
1654,Amy Adams
1655,Benedict Cumberbatch
1656,Anthony Mackie
1657,Andy Samberg
1658,Andy Serkis
1659,Antonio Banderas
1660,Andy Serkis
1661,Alicia Vikander
1662,Amy Ryan
1663,Andy Serkis
1664,Andrew Lincoln
1665,Andy Serkis
1666,Ben Foster
1667,Andy Serkis
1668,Amanda Peet
1669,Andy Serkis
1670,Ben Foster
1671,Beyonce Knowles
1672,Armin Mueller-Stahl
1673,Anna Kendrick
1674,Berenice Bejo
1675,Adriana Lima
1676,Andy Serkis
1677,Anna Kendrick
1678,Anne Bancroft
1679,Anna Kendrick
1680,Ben Stiller
1681,Andy Serkis
1682,Akemi Darenogare
1683,Anne Bancroft
1684,Anna Friel
1685,Bill O Reilly
1686,Ashley Greene
1687,Audrey Tautou
1688,Aaron Taylor-Johnson
1689,Ben Stiller
1690,Adriana Barraza
1691,Andy Serkis
1692,Andy Serkis
1693,Alice Eve
1694,Angela Bassett
1695,Andy Samberg
1696,Anthony Hopkins
1697,Andy Serkis
1698,Ben Affleck
1699,Analeigh Tipton
1700,Andy Serkis
1701,Antonio Banderas
1702,Amy Schumer
1703,Andy Serkis
1704,Anne Hathaway
1705,Betty White
1706,Audrey Tautou
1707,Andy Murray
1708,Andy Serkis
1709,Barabara Palvin
1710,Amber Heard
1711,Anna Paquin
1712,Bill O Reilly
1713,Alexandra Daddario
1714,Bill Murray
1715,Adam Sandler
1716,Andrew Lincoln
1717,Bill Murray
1718,Amanda Peet
1719,Barbra Streisand
1720,Bill Pullman
1721,Andy Serkis
1722,Andy Serkis
1723,Anthony Hopkins
1724,Alx James
1725,Andy Serkis
1726,Bella Hadid
1727,Alex Pettyfer
1728,Andy Serkis
1729,Andrew Lincoln
1730,Abigail Breslin
1731,Anna Paquin
1732,Bella Hadid
1733,Bill Pullman
1734,Andy Serkis
1735,Andy Serkis
1736,Amber Heard
1737,Angela Bassett
1738,Amy Ryan
1739,Ashley Graham
1740,Ben Kingsley
1741,Andy Serkis
1742,Bill Daley
1743,Andy Serkis
1744,Amanda Bynes
1745,Ben Stiller
1746,Ashley Judd
1747,Barbra Streisand
1748,Andy Serkis
1749,Andy Serkis
1750,Ashton Kutcher
1751,Bette Midler
1752,Alexandra Daddario
1753,Amber Heard
1754,Antonio Banderas
1755,Angelina Jolie
1756,Aaron Paul
1757,Andy Serkis
1758,Andy Serkis
1759,Berenice Bejo
1760,Betty White
1761,Aaron Judge
1762,AnnaSophia Robb
1763,Andrew Garfield
1764,Andy Serkis
1765,Analeigh Tipton
1766,Ben Kingsley
1767,Al Pacino
1768,bella thorne
1769,Bill Paxton
1770,Amy Ryan
1771,Andy Serkis
1772,Andrew Garfield
1773,Alan Alda
1774,Andy Serkis
1775,Billy Bob Thornton
1776,Aaron Taylor-Johnson
1777,Al Pacino
1778,Andy Serkis
1779,Annette Bening
1780,Anderson Cooper
1781,Billy Bob Thornton
1782,Alx James
1783,Annette Bening
1784,Andy Serkis
1785,Andy Serkis
1786,Anna Paquin
1787,Ben Foster
1788,Ali Larter
1789,Albert Finney
1790,Andie MacDowell
1791,Albert Brooks
1792,Bill Rancic
1793,Bernie Mac
1794,Andy Serkis
1795,Beyonce Knowles
1796,Andy Serkis
1797,Albert Brooks
1798,Amanda Peet
1799,Anna Sui
1800,Bill Paxton
1801,Amy Schumer
1802,Alicia Vikander
1803,Andy Serkis
1804,Alex Pettyfer
1805,Alessandra Ambrosio
1806,Andy Serkis
1807,Benjamin Bratt
1808,Audrey Hepburn
1809,Barry Pepper
1810,Art Carney
1811,Amy Adams
1812,Andy Serkis
1813,Audrey Tautou
1814,Andy Serkis
1815,Beyonce Knowles
1816,Andy Serkis
1817,Andy Serkis
1818,Andy Serkis
1819,Akemi Darenogare
1820,Andy Serkis
1821,Andy Serkis
1822,Andy Serkis
1823,Angela Bassett
1824,Adriana Barraza
1825,Amanda Seyfried
1826,Andy Serkis
1827,Adrien Brody
1828,Andy Serkis
1829,Antonio Banderas
1830,Betty White
1831,Anjelica Huston
1832,Bella Hadid
1833,Bill Murray
1834,Andy Serkis
1835,Ben Kingsley
1836,Albert Finney
1837,Ben Foster
1838,Andy Samberg
1839,Akemi Darenogare
1840,Angela Bassett
1841,Andrew Luck
1842,Billy Bob Thornton
1843,Amy Schumer
1844,Ben Stiller
1845,Bill O Reilly
1846,Andie MacDowell
1847,Billy Bob Thornton
1848,Art Carney
1849,Alexander Skarsgard
1850,Andy Serkis
1851,Al Pacino
1852,Bill Paxton
1853,Andy Garcia
1854,Bill Paxton
1855,Andy Serkis
1856,Andy Serkis
1857,Adriana Lima
1858,bella thorne
1859,Armin Mueller-Stahl
1860,Barry Pepper
1861,Ben Kingsley
1862,Billy Bob Thornton
1863,Anna Paquin
1864,Anthony Hopkins
1865,Andy Serkis
1866,Billy Bob Thornton
1867,Andy Serkis
1868,Andy Serkis
1869,Andy Serkis
1870,Andy Serkis
1871,Alexander Skarsgard
1872,Aaron Paul
1873,Audrey Hepburn
1874,Anne Hathaway
1875,Angelina Jolie
1876,Amber Heard
1877,Andy Serkis
1878,Ashley Greene
1879,Ben Johnson
1880,Anjelica Huston
1881,Amy Ryan
1882,Ashley Graham
1883,Andy Murray
1884,Andy Samberg
1885,Andrew Luck
1886,Andy Serkis
1887,Alx James
1888,Andie MacDowell
1889,Adriana Barraza
1890,Andy Serkis
1891,Andie MacDowell
1892,Ben Kingsley
1893,Andy Serkis
1894,Andy Samberg
1895,Andy Serkis
1896,Betty White
1897,Aaron Taylor-Johnson
1898,Ben Foster
1899,Alexandra Daddario
1900,Alex Pettyfer
1901,Andy Serkis
1902,Ben Stiller
1903,Andy Serkis
1904,Amy Adams
1905,Ashton Kutcher
1906,Andy Serkis
1907,Andy Serkis
1908,Andy Serkis
1909,Amy Ryan
1910,Anna Faris
1911,Adrianne Palicki
1912,Benedict Cumberbatch
1913,Alan Rickman
1914,Adriana Barraza
1915,Anne Hathaway
1916,Arnold Schwarzenegger
1917,Anna Paquin
1918,Amy Ryan
1919,Andy Serkis
1920,Ashley Graham
1921,Amy Schumer
1922,Andy Serkis
1923,AnnaSophia Robb
1924,Alan Rickman
1925,Ben Affleck
1926,Al Pacino
1927,Amanda Bynes
1928,Aaron Paul
1929,Andy Serkis
1930,Anna Friel
1931,Anne Baxter
1932,bella thorne
1933,Anne Hathaway
1934,Betty White
1935,Anna Kendrick
1936,Andy Serkis
1937,Alicia Vikander
1938,Benjamin Bratt
1939,Anna Paquin
1940,Anna Friel
1941,Armin Mueller-Stahl
1942,Adriana Lima
1943,Amy Ryan
1944,Beyonce Knowles
1945,Amber Heard
1946,Andy Serkis
1947,Andy Serkis
1948,Andy Serkis
1949,Beyonce Knowles
1950,Bill O Reilly
1951,Alan Alda
1952,Amy Schumer
1953,Andy Serkis
1954,Andy Serkis
1955,Audrey Tautou
1956,Adam Sandler
1957,Alexandra Daddario
1958,Betty White
1959,Abigail Breslin
1960,Adrien Brody
1961,Andy Serkis
1962,Andy Serkis
1963,Alicia Vikander
1964,Anna Kendrick
1965,Andy Serkis
1966,Ali Larter
1967,Albert Finney
1968,Bette Midler
1969,Alicia Vikander
1970,Andy Serkis
1971,Ashley Greene
1972,Anna Paquin
1973,Andy Serkis
1974,Andy Samberg
1975,Ben Johnson
1976,Antonio Banderas
1977,Bette Midler
1978,Anderson Cooper
1979,Andy Serkis
1980,Angela Bassett
1981,Analeigh Tipton
1982,Andy Serkis
1983,Anna Friel
1984,Bill Murray
1985,Adriana Barraza
1986,Andy Serkis
1987,Amy Adams
1988,Ashton Kutcher
1989,Amy Ryan
1990,Andy Serkis
1991,Andy Serkis
1992,Andy Serkis
1993,Armin Mueller-Stahl
1994,Billy Bob Thornton
1995,Alexandra Daddario
1996,Andy Serkis
1997,Andy Serkis
1998,Andy Serkis
1999,Benedict Cumberbatch
2000,Andreea Diaconu
2001,Andy Serkis
2002,Alexandra Daddario
2003,Anderson Cooper
2004,Bill Murray
2005,Ben Kingsley
2006,Alx James
2007,Andrew Garfield
2008,Andy Serkis
2009,Andy Serkis
2010,Ashley Judd
2011,Adriana Barraza
2012,Andy Serkis
2013,Andy Serkis
2014,Andy Serkis
2015,Art Carney
2016,Andy Serkis
2017,Alec Baldwin
2018,Alicia Vikander
2019,Andy Serkis
2020,Andy Serkis
2021,Bill Murray
2022,Bette Midler
2023,Alan Rickman
2024,Anne Bancroft
2025,Amanda Crew
2026,Anna Friel
2027,Andrew Garfield
2028,Barry Pepper
2029,Andy Serkis
2030,Amanda Seyfried
2031,Anna Faris
2032,Andy Serkis
2033,Amy Adams
2034,Bill Daley
2035,Bill Pullman
2036,Ben Stiller
2037,Andy Serkis
2038,Andy Serkis
2039,Billy Bob Thornton
2040,Andy Serkis
2041,Adrianne Palicki
2042,Alan Rickman
2043,Anna Paquin
2044,Anjelica Huston
2045,Amanda Peet
2046,Alexandra Daddario
2047,Audrey Tautou
2048,Andy Serkis
2049,Antonio Banderas
2050,Armin Mueller-Stahl
2051,Analeigh Tipton
2052,Amanda Crew
2053,Andy Serkis
2054,Andy Serkis
2055,Bill Daley
2056,AnnaSophia Robb
2057,Ben Stiller
2058,Bill Pullman
2059,Alexis Thorpe
2060,Andy Serkis
2061,Amanda Crew
2062,Art Carney
2063,Andy Serkis
2064,Amy Ryan
2065,Andy Serkis
2066,Andy Serkis
2067,Anna Kendrick
2068,Adam Sandler
2069,Amanda Bynes
2070,Andie MacDowell
2071,Andy Serkis
2072,Andie MacDowell
2073,Anna Paquin
2074,Angela Bassett
2075,Alan Alda
2076,Adele
2077,Bill Murray
2078,Andy Serkis
2079,Billy Bob Thornton
2080,Alexis Thorpe
2081,Al Pacino
2082,Angela Bassett
2083,Bill Murray
2084,Ben Foster
2085,Andy Garcia
2086,Andy Serkis
2087,Andy Garcia
2088,Andy Serkis
2089,Alexander Skarsgard
2090,Anna Paquin
2091,Andy Serkis
2092,Ben Johnson
2093,Andy Serkis
2094,Bill O Reilly
2095,Bill O Reilly
2096,Angela Bassett
2097,Anne Hathaway
2098,Antonio Banderas
2099,Anthony Perkins
2100,Andrew Garfield
2101,Audrey Hepburn
2102,Alan Rickman
2103,Andie MacDowell
2104,Ashley Judd
2105,Anna Kendrick
2106,Audrey Tautou
2107,Arnold Schwarzenegger
2108,Amanda Peet
2109,Andy Serkis
2110,Alexander Skarsgard
2111,Billy Bob Thornton
2112,Andy Murray
2113,Audrey Tautou
2114,Audrey Hepburn
2115,Andy Serkis
2116,Amy Adams
2117,Adam Sandler
2118,Aaron Taylor-Johnson
2119,Andy Serkis
2120,Andy Serkis
2121,Arnold Schwarzenegger
2122,Amy Schumer
2123,Andy Murray
2124,Amy Ryan
2125,Alessandra Ambrosio
2126,Andy Serkis
2127,Bill Rancic
2128,Andy Serkis
2129,Bill Pullman
2130,Alan Rickman
2131,Andy Serkis
2132,Annette Bening
2133,Andy Serkis
2134,Anne Baxter
2135,Albert Finney
2136,Ben Kingsley
2137,Ben Foster
2138,Bill Paxton
2139,Arnold Schwarzenegger
2140,Andy Serkis
2141,Bill Daley
2142,Andy Serkis
2143,Alicia Vikander
2144,Aaron Paul
2145,Benjamin Bratt
2146,Anna Kendrick
2147,Andy Serkis
2148,Bernie Mac
2149,Barbra Streisand
2150,Alicia Vikander
2151,Andy Serkis
2152,Adrien Brody
2153,Andy Serkis
2154,Adrianne Palicki
2155,Alexis Thorpe
2156,Barbra Streisand
2157,Amy Schumer
2158,Anna Faris
2159,Bill Murray
2160,Albert Brooks
2161,Amy Schumer
2162,Bill O Reilly
2163,Alan Rickman
2164,Alan Alda
2165,Adrianne Palicki
2166,Andy Serkis
2167,Analeigh Tipton
2168,Bill Hader
2169,Alec Baldwin
2170,Andy Murray
2171,Anjelica Huston
2172,Amy Schumer
2173,Albert Brooks
2174,Alan Rickman
2175,Andy Serkis
2176,Analeigh Tipton
2177,Ashley Judd
2178,Bill Daley
2179,Ben Stiller
2180,Benjamin Bratt
2181,Andy Serkis
2182,Andy Serkis
2183,Andy Serkis
2184,Andy Serkis
2185,Annette Bening
2186,Alice Eve
2187,Andy Serkis
2188,Adele
2189,Anthony Hopkins
2190,Andie MacDowell
2191,Amanda Peet
2192,Antonio Banderas
2193,Bill Paxton
2194,Alessandra Ambrosio
2195,Amy Schumer
2196,Andy Serkis
2197,Beyonce Knowles
2198,Andie MacDowell
2199,Andy Serkis
2200,Amy Ryan
2201,Andy Serkis
2202,Andy Serkis
2203,Andy Serkis
2204,Angelina Jolie
2205,Anne Hathaway
2206,Anne Hathaway
2207,Anne Hathaway
2208,Andy Serkis
2209,Andy Serkis
2210,Bill O Reilly
2211,Armin Mueller-Stahl
2212,Andrew Garfield
2213,AnnaSophia Robb
2214,Andy Serkis
2215,Andy Serkis
2216,Anna Paquin
2217,Bernie Mac
2218,Andy Serkis
2219,Andy Serkis
2220,Andy Serkis
2221,Bette Midler
2222,Bette Midler
2223,Adriana Barraza
2224,Ashton Kutcher
2225,Anna Friel
2226,Andy Serkis
2227,Benjamin Bratt
2228,Andrew Lincoln
2229,Andrew Luck
2230,Andy Serkis
2231,Al Pacino
2232,Barry Pepper
2233,Alessandra Ambrosio
2234,Albert Finney
2235,Andy Serkis
2236,Ava Gardner
2237,Andy Serkis
2238,Audrey Hepburn
2239,Bill O Reilly
2240,Andy Serkis
2241,Anna Faris
2242,Billy Bob Thornton
2243,Betty White
2244,Ashley Greene
2245,Benjamin Bratt
2246,Andy Serkis
2247,Andy Serkis
2248,Ashley Graham
2249,Andy Serkis
2250,Andy Serkis
2251,Al Roker
2252,Anne Hathaway
2253,Andy Serkis
2254,Albert Finney
2255,Bill Rancic
2256,Andreea Diaconu
2257,Andy Serkis
2258,Andy Serkis
2259,Andy Serkis
2260,Andy Serkis
2261,Barry Pepper
2262,Alexis Thorpe
2263,Adele
2264,Andy Samberg
2265,Andy Serkis
2266,Amber Heard
2267,Ben Affleck
2268,Andy Serkis
2269,Annette Bening
2270,Al Pacino
2271,Analeigh Tipton
2272,Andy Serkis
2273,Alan Rickman
2274,Beyonce Knowles
2275,Alexandra Daddario
2276,Alexis Thorpe
2277,Adele
2278,Berenice Bejo
2279,Andy Serkis
2280,Benjamin Bratt
2281,Bill Hader
2282,Adam Sandler
2283,Andy Serkis
2284,Bill Murray
2285,Antonio Banderas
2286,Ava Gardner
2287,Antonio Banderas
2288,Barabara Palvin
2289,Andy Serkis
2290,Ben Foster
2291,Amanda Bynes
2292,Andy Serkis
2293,Anna Paquin
2294,Andreea Diaconu
2295,Andy Serkis
2296,Albert Brooks
2297,Amanda Seyfried
2298,Ben Stiller
2299,Anderson Cooper
2300,Art Carney
2301,Andy Serkis
2302,Aaron Paul
2303,Andy Serkis
2304,Ben Kingsley
2305,Alexandra Daddario
2306,Ashley Greene
2307,Arnold Schwarzenegger
2308,Alice Eve
2309,Audrey Hepburn
2310,Andy Serkis
2311,Amber Heard
2312,Andy Serkis
2313,Andy Serkis
2314,Alessandra Ambrosio
2315,Andy Serkis
2316,Andy Serkis
2317,Abigail Breslin
2318,Betty White
2319,Anna Faris
2320,Alan Alda
2321,Andy Serkis
2322,Andy Samberg
2323,Bill Pullman
2324,Andy Serkis
2325,Ben Stiller
2326,Andy Serkis
2327,Barry Pepper
2328,Andy Serkis
2329,Anne Hathaway
2330,Betty White
2331,Andy Serkis
2332,Alexandra Daddario
2333,Bernie Mac
2334,Ben Stiller
2335,Angela Bassett
2336,Abigail Breslin
2337,Andy Serkis
2338,Beyonce Knowles
2339,Benjamin Bratt
2340,Andy Serkis
2341,Andy Serkis
2342,Andrew Garfield
2343,Bette Midler
2344,Benedict Cumberbatch
2345,Andy Serkis
2346,Antonio Banderas
2347,Anna Faris
2348,Annette Bening
2349,Ava Gardner
2350,Andy Serkis
2351,Angela Bassett
2352,Adam Sandler
2353,Andy Serkis
2354,Andy Serkis
2355,Bill Pullman
2356,Andy Serkis
2357,Abigail Breslin
2358,Ashley Greene
2359,Andy Serkis
2360,Amy Ryan
2361,Alan Arkin
2362,Amanda Peet
2363,Benjamin Bratt
2364,Benjamin Bratt
2365,Andy Serkis
2366,Aaron Paul
2367,Andy Serkis
2368,Andy Serkis
2369,Bill O Reilly
2370,Antonio Banderas
2371,Antonio Banderas
2372,Antonio Banderas
2373,Amber Heard
2374,Andy Serkis
2375,Anderson Cooper
2376,Al Pacino
2377,Bette Midler
2378,Alicia Vikander
2379,Angela Bassett
2380,Andy Serkis
2381,Andy Murray
2382,Amy Ryan
2383,Aaron Taylor-Johnson
2384,Andrew Luck
2385,Ashley Greene
2386,Annette Bening
2387,Bill O Reilly
2388,Andy Serkis
2389,Andrew Luck
2390,Betty White
2391,Andy Serkis
2392,Ashley Greene
2393,Alec Baldwin
2394,Amanda Bynes
2395,Armin Mueller-Stahl
2396,Amanda Peet
2397,Ashley Graham
2398,Alan Rickman
2399,Andy Serkis
2400,Andy Serkis
2401,Andy Serkis
2402,Andy Samberg
2403,Anne Baxter
2404,Bill O Reilly
2405,Bill O Reilly
2406,Anjelica Huston
2407,Alex Pettyfer
2408,Alan Rickman
2409,Beyonce Knowles
2410,AnnaSophia Robb
2411,Andy Serkis
2412,Anne Baxter
2413,Andy Serkis
2414,Anna Friel
2415,Andy Serkis
2416,Betty White
2417,Abigail Breslin
2418,Ben Foster
2419,Al Roker
2420,Amy Schumer
2421,Audrey Hepburn
2422,Anne Bancroft
2423,Ashley Greene
2424,Andy Serkis
2425,Andy Serkis
2426,Ben Foster
2427,Bill Rancic
2428,Ben Kingsley
2429,Andie MacDowell
2430,Arnold Schwarzenegger
2431,Andy Serkis
2432,Benjamin Bratt
2433,Andy Serkis
2434,Andy Serkis
2435,Andy Serkis
2436,Alexis Thorpe
2437,Antonio Banderas
2438,Audrey Tautou
2439,Andy Serkis
2440,Abigail Breslin
2441,Andreea Diaconu
2442,Andy Serkis
2443,Abigail Breslin
2444,Anthony Perkins
2445,Beyonce Knowles
2446,Andy Serkis
2447,Barabara Palvin
2448,Andy Serkis
2449,Andy Serkis
2450,Ben Affleck
2451,Audrey Tautou
2452,Amanda Seyfried
2453,Angela Bassett
2454,Benedict Cumberbatch
2455,Amanda Bynes
2456,Bill Murray
2457,Andy Serkis
2458,bella thorne
2459,Alex Pettyfer
2460,Andy Serkis
2461,Albert Finney
2462,Adrianne Palicki
2463,Andy Serkis
2464,Bette Midler
2465,Ava Gardner
2466,Andy Serkis
2467,Anthony Hopkins
2468,Bill Murray
2469,Andy Serkis
2470,Andy Serkis
2471,Andy Serkis
2472,Andrew Lincoln
2473,Andy Serkis
2474,Andy Serkis
2475,Bella Hadid
2476,Anna Faris
2477,Abigail Breslin
2478,Andy Serkis
2479,Amanda Bynes
2480,Andrew Garfield
2481,Benedict Cumberbatch
2482,Alicia Vikander
2483,Anjelica Huston
2484,Anjelica Huston
2485,Andy Serkis
2486,Benedict Cumberbatch
2487,Amber Heard
2488,Benjamin Bratt
2489,Andreea Diaconu
2490,Alexander Skarsgard
2491,Ashley Graham
2492,Alicia Vikander
2493,Andy Samberg
2494,Andrew Luck
2495,Andy Serkis
2496,Al Pacino
2497,Anne Baxter
2498,Alexis Thorpe
2499,Andy Serkis
2500,Andy Serkis
2501,Ali Larter
2502,Andrew Lincoln
2503,Anna Paquin
2504,Adele
2505,Aaron Taylor-Johnson
2506,Antonio Banderas
2507,Alex Pettyfer
2508,Andy Serkis
2509,Andreea Diaconu
2510,Andy Serkis
2511,Alexandra Daddario
2512,Andy Serkis
2513,Amanda Crew
2514,Anderson Cooper
2515,Andy Serkis
2516,Andy Serkis
2517,Andy Serkis
2518,Andy Samberg
2519,Bette Midler
2520,Amy Schumer
2521,Analeigh Tipton
2522,Barabara Palvin
2523,Andy Serkis
2524,Alx James
2525,Bill Hader
2526,Andy Samberg
2527,Barry Pepper
2528,Andy Serkis
2529,Andy Samberg
2530,Barabara Palvin
2531,AnnaSophia Robb
2532,Antonio Banderas
2533,Andreea Diaconu
2534,Bill Paxton
2535,Benjamin Bratt
2536,Billy Bob Thornton
2537,Andy Serkis
2538,Ben Affleck
2539,Benedict Cumberbatch
2540,Ashley Greene
2541,Andie MacDowell
2542,Amy Adams
2543,Andy Serkis
2544,Andy Serkis
2545,Alicia Vikander
2546,Andy Serkis
2547,Anna Kendrick
2548,Berenice Bejo
2549,Angela Bassett
2550,Anna Faris
2551,Benedict Cumberbatch
2552,Amy Adams
2553,Barabara Palvin
2554,Andy Serkis
2555,Albert Brooks
2556,Andy Serkis
2557,Ben Stiller
2558,Andy Serkis
2559,Amanda Bynes
2560,Andy Serkis
2561,Ashley Greene
2562,Benicio Del Toro
2563,Benjamin Bratt
2564,Ashley Graham
2565,Ben Kingsley
2566,Andy Serkis
2567,Barbra Streisand
2568,Betty White
2569,Amber Heard
2570,Bill O Reilly
2571,Andy Serkis
2572,Ben Foster
2573,Ashley Graham
2574,Anna Paquin
2575,Andy Serkis
2576,Alan Alda
2577,Armin Mueller-Stahl
2578,Andy Serkis
2579,Bill Rancic
2580,Bill Paxton
2581,Andy Serkis
2582,Ashton Kutcher
2583,Audrey Hepburn
2584,Andy Serkis
2585,Anjelica Huston
2586,Bill Rancic
2587,Alan Arkin
2588,Alan Rickman
2589,Andy Serkis
2590,Andy Serkis
2591,Andy Serkis
2592,Andy Serkis
2593,Barbra Streisand
2594,Andy Serkis
2595,Adrianne Palicki
2596,Andy Serkis
2597,Amanda Seyfried
2598,Andy Serkis
2599,Adrianne Palicki
2600,Amanda Seyfried
2601,Benjamin Bratt
2602,Anne Hathaway
2603,Betty White
2604,Amy Adams
2605,Andy Serkis
2606,Anthony Hopkins
2607,Andy Serkis
2608,Andy Serkis
2609,Alan Alda
2610,Alec Baldwin
2611,Analeigh Tipton
2612,Alex Pettyfer
2613,Bill Paxton
2614,Ashley Greene
2615,Andy Serkis
2616,Ashley Greene
2617,Abigail Breslin
2618,Ben Stiller
2619,Alice Eve
2620,Audrey Hepburn
2621,Andy Garcia
2622,Andy Serkis
2623,Andy Serkis
2624,Anderson Cooper
2625,Andy Serkis
2626,Andy Serkis
2627,Andy Serkis
2628,Andy Serkis
2629,Andy Serkis
2630,Anthony Hopkins
2631,Ashton Kutcher
2632,Andy Serkis
2633,Ben Stiller
2634,Audrey Tautou
2635,Andy Serkis
2636,Andy Serkis
2637,Andy Serkis
2638,Adrien Brody
2639,Andie MacDowell
2640,Anna Kendrick
2641,Akemi Darenogare
2642,Andy Samberg
2643,Andie MacDowell
2644,Audrey Tautou
2645,Anjelica Huston
2646,Bill O Reilly
2647,Alan Rickman
2648,Ben Kingsley
2649,Anna Friel
2650,Andie MacDowell
2651,Andy Serkis
2652,Anna Kendrick
2653,Aaron Taylor-Johnson
2654,Anna Kendrick
2655,Andy Serkis
2656,Andy Serkis
2657,Ali Larter
2658,Anjelica Huston
2659,Andy Serkis
2660,Anna Friel
2661,Adam Sandler
2662,Alx James
2663,Alessandra Ambrosio
2664,Amy Adams
2665,Berenice Bejo
2666,Beyonce Knowles
2667,Adam Sandler
2668,Andy Serkis
2669,Andy Serkis
2670,Andy Serkis
2671,Alice Eve
2672,Andy Serkis
2673,Alan Arkin
2674,Amy Ryan
2675,Anthony Hopkins
2676,Alan Rickman
2677,Alicia Vikander
2678,Anderson Cooper
2679,Andy Serkis
2680,Andy Serkis
2681,Berenice Bejo
2682,Berenice Bejo
2683,Ashley Graham
2684,Albert Brooks
2685,Andy Serkis
2686,Andy Serkis
2687,Alexis Thorpe
2688,Bill O Reilly
2689,Andy Serkis
2690,Anna Kendrick
2691,Annette Bening
2692,Andy Serkis
2693,Amy Schumer
2694,Andy Serkis
2695,Berenice Bejo
2696,Ashley Graham
2697,Ben Foster
2698,Anne Baxter
2699,Ashley Greene
2700,Andy Serkis
2701,Aaron Paul
2702,Alex Pettyfer
2703,Andy Serkis
2704,Andy Serkis
2705,Alicia Vikander
2706,Amanda Peet
2707,Art Carney
2708,Ben Affleck
2709,Bill Paxton
2710,Andy Serkis
2711,Ashley Judd
2712,Andy Serkis
2713,Anthony Mackie
2714,Amanda Seyfried
2715,Anna Friel
2716,Adrianne Palicki
2717,Adriana Lima
2718,Andreea Diaconu
2719,Andy Serkis
2720,Abigail Breslin
2721,Andy Serkis
2722,Andie MacDowell
2723,Anna Faris
2724,Andy Serkis
2725,Andy Serkis
2726,Amy Ryan
2727,Andy Serkis
2728,Andy Serkis
2729,Andy Serkis
2730,Andy Serkis
2731,Andy Serkis
2732,Adriana Barraza
2733,Alex Pettyfer
2734,Andy Serkis
2735,Andy Serkis
2736,Amanda Bynes
2737,Andy Serkis
2738,Amanda Peet
2739,Andy Serkis
2740,Amber Heard
2741,Bill Daley
2742,Benjamin Bratt
2743,Amanda Seyfried
2744,Bill Murray
2745,Aaron Judge
2746,Andy Serkis
2747,Audrey Hepburn
2748,Abigail Breslin
2749,Bill Rancic
2750,Andy Serkis
2751,bella thorne
2752,Andy Samberg
2753,Adrien Brody
2754,Abigail Breslin
2755,Andy Serkis
2756,Adriana Lima
2757,Anne Bancroft
2758,Armin Mueller-Stahl
2759,Andy Serkis
2760,Andy Murray
2761,Bill Paxton
2762,Andy Serkis
2763,AnnaSophia Robb
2764,Andy Serkis
2765,Amber Heard
2766,Andy Serkis
2767,Ali Larter
2768,Barabara Palvin
2769,Andy Serkis
2770,Andy Serkis
2771,Andy Serkis
2772,Andy Serkis
2773,Andy Serkis
2774,Andy Serkis
2775,Ava Gardner
2776,Andy Serkis
2777,Andy Serkis
2778,Alex Pettyfer
2779,Ben Stiller
2780,Andy Serkis
2781,Andy Serkis
2782,Barry Pepper
2783,Audrey Tautou
2784,Andy Serkis
2785,Andy Serkis
2786,Alexis Thorpe
2787,Amy Adams
2788,Andy Serkis
2789,Alexis Thorpe
2790,Berenice Bejo
2791,Andy Serkis
2792,Andy Serkis
2793,Alex Pettyfer
2794,Amy Ryan
2795,Andy Serkis
2796,Amanda Seyfried
2797,Anne Hathaway
2798,Andy Serkis
2799,Ben Johnson
2800,Andy Serkis
2801,Amanda Seyfried
2802,Amy Ryan
2803,Andy Serkis
2804,Anna Friel
2805,Antonio Banderas
2806,Andy Serkis
2807,Andy Serkis
2808,Andy Serkis
2809,Andy Serkis
2810,Aaron Paul
2811,Ashley Judd
2812,Bill Paxton
2813,Adrianne Palicki
2814,Al Pacino
2815,Andy Serkis
2816,Amy Ryan
2817,Ali Larter
2818,Andy Murray
2819,Andy Serkis
2820,Andy Serkis
2821,Andrew Lincoln
2822,Andy Serkis
2823,Alan Arkin
2824,Amanda Crew
2825,Anderson Cooper
2826,Andrew Garfield
2827,Alec Baldwin
2828,Andy Serkis
2829,Andy Serkis
2830,Bill Paxton
2831,Alan Rickman
2832,Andy Serkis
2833,Anjelica Huston
2834,Barbra Streisand
2835,Amanda Seyfried
2836,Andy Serkis
2837,Alexandra Daddario
2838,Adriana Barraza
2839,Angela Bassett
2840,Andy Serkis
2841,Anne Baxter
2842,Anjelica Huston
2843,Andrew Luck
2844,Andy Garcia
2845,Alec Baldwin
2846,Anne Baxter
2847,Billy Bob Thornton
2848,Andy Garcia
2849,Alicia Vikander
2850,Ashley Graham
2851,Anna Faris
2852,Andy Serkis
2853,Ben Stiller
2854,Ben Johnson
2855,Amy Ryan
2856,Albert Finney
2857,Amanda Peet
2858,Berenice Bejo
2859,Alex Pettyfer
2860,Anna Paquin
2861,Albert Brooks
2862,Andreea Diaconu
2863,Anna Paquin
2864,Andy Serkis
2865,Ben Johnson
2866,Alexander Skarsgard
2867,Andrew Garfield
2868,Benjamin Bratt
2869,Adrien Brody
2870,Andy Serkis
2871,Adriana Lima
2872,Billy Bob Thornton
2873,Berenice Bejo
2874,Antonio Banderas
2875,Billy Bob Thornton
2876,Andy Serkis
2877,Adele
2878,AnnaSophia Robb
2879,Andy Serkis
2880,Andy Serkis
2881,Andie MacDowell
2882,Anna Paquin
2883,Ashley Greene
2884,Andy Serkis
2885,Anne Baxter
2886,Andy Serkis
2887,Andy Serkis
2888,Andy Serkis
2889,Andy Samberg
2890,Akemi Darenogare
2891,Alessandra Ambrosio
2892,Andy Serkis
2893,Alex Pettyfer
2894,Amy Schumer
2895,Amy Ryan
2896,Andy Serkis
2897,Andy Serkis
2898,Adrien Brody
2899,Anjelica Huston
2900,Andy Murray
2901,Ashley Greene
2902,Andy Serkis
2903,Andy Serkis
2904,Andy Serkis
2905,Andy Serkis
2906,Andy Serkis
2907,Andy Serkis
2908,Ashley Judd
2909,Andy Serkis
2910,Anne Baxter
2911,Andy Serkis
2912,Amanda Seyfried
2913,Barry Pepper
2914,Audrey Hepburn
2915,Adrianne Palicki
2916,Ashley Judd
2917,Andy Serkis
2918,Ava Gardner
2919,Andrew Lincoln
2920,Adele
2921,Alexander Skarsgard
2922,Barabara Palvin
2923,AnnaSophia Robb
2924,Aaron Taylor-Johnson
2925,Alessandra Ambrosio
2926,Amy Ryan
2927,Andy Serkis
2928,Amy Adams
2929,Andy Serkis
2930,Alan Alda
2931,Angela Bassett
2932,Ashley Greene
2933,Alice Eve
2934,Albert Finney
2935,Analeigh Tipton
2936,Andy Serkis
2937,Alan Rickman
2938,Andy Serkis
2939,Adele
2940,Andy Serkis
2941,Andy Serkis
2942,Adam Sandler
2943,Andy Serkis
2944,Antonio Banderas
2945,Alex Pettyfer
2946,Andy Serkis
2947,Andy Serkis
2948,Anthony Mackie
2949,Albert Brooks
2950,Annette Bening
2951,Annette Bening
2952,Ashley Judd
2953,Amanda Crew
2954,Bernie Mac
2955,Barry Pepper
2956,Anna Friel
2957,Andy Serkis
2958,Andy Serkis
2959,Andy Serkis
2960,Al Pacino
2961,Bette Midler
2962,Bill Murray
2963,Alexandra Daddario
2964,Anthony Mackie
2965,Andie MacDowell
2966,Anna Paquin
2967,Andy Serkis
2968,Andy Serkis
2969,Andy Serkis
2970,Andy Serkis
2971,Barbra Streisand
2972,Alessandra Ambrosio
2973,Andy Serkis
2974,Bernie Mac
2975,Benjamin Bratt
2976,Benicio Del Toro
2977,Ashton Kutcher
2978,Andy Murray
2979,AnnaSophia Robb
2980,Alessandra Ambrosio
2981,Alan Alda
2982,Andy Serkis
2983,Ashley Judd
2984,Andy Serkis
2985,Andy Serkis
2986,Andy Serkis
2987,Ali Larter
2988,Andy Serkis
2989,Andy Serkis
2990,Alice Eve
2991,Andy Murray
2992,Andrew Garfield
2993,Andy Serkis
2994,Aaron Judge
2995,Antonio Banderas
2996,Anthony Hopkins
2997,Amanda Peet
2998,Andy Serkis
2999,Alicia Vikander
3000,Andy Serkis
3001,Anthony Mackie
3002,Amy Schumer
3003,Ben Stiller
3004,Alex Pettyfer
3005,Ashley Greene
3006,Andy Serkis
3007,Benjamin Bratt
3008,Ali Larter
3009,Andy Serkis
3010,Andy Serkis
3011,Ashley Greene
3012,Bill Pullman
3013,Ben Foster
3014,Bill Paxton
3015,Ashley Judd
3016,Anthony Mackie
3017,Andy Serkis
3018,Andy Serkis
3019,Abigail Breslin
3020,Andy Serkis
3021,Angela Bassett
3022,Aaron Taylor-Johnson
3023,Ashley Judd
3024,Bill O Reilly
3025,Anne Hathaway
3026,Amanda Bynes
3027,Andy Serkis
3028,Annette Bening
3029,Andy Serkis
3030,Andy Serkis
3031,Andy Serkis
3032,Anjelica Huston
3033,Ashley Judd
3034,Annette Bening
3035,Andy Serkis
3036,Bill Pullman
3037,Ali Larter
3038,Anjelica Huston
3039,Alan Arkin
3040,Bill Pullman
3041,Andy Serkis
3042,Bill Rancic
3043,Amanda Peet
3044,Andy Serkis
3045,Andy Serkis
3046,Andrew Garfield
3047,Adriana Lima
3048,Analeigh Tipton
3049,Andy Serkis
3050,Andy Serkis
3051,Barry Pepper
3052,Anderson Cooper
3053,Andy Serkis
3054,Andy Serkis
3055,Anne Hathaway
3056,Andy Serkis
3057,Anne Hathaway
3058,Barbra Streisand
3059,Andy Serkis
3060,Amanda Crew
3061,Andrew Lincoln
3062,Andy Murray
3063,Amy Schumer
3064,Audrey Tautou
3065,Benedict Cumberbatch
3066,Arnold Schwarzenegger
3067,Bill O Reilly
3068,Andrew Luck
3069,Bill Paxton
3070,Adrien Brody
3071,Andy Serkis
3072,Ashley Judd
3073,Alicia Vikander
3074,Andy Serkis
3075,Bella Hadid
3076,Anjelica Huston
3077,Andy Serkis
3078,Albert Brooks
3079,Ben Stiller
3080,Andy Serkis
3081,Anna Kendrick
3082,Andy Serkis
3083,Bill O Reilly
3084,Amy Schumer
3085,Ben Johnson
3086,Bill Murray
3087,Anderson Cooper
3088,Andy Serkis
3089,Andy Serkis
3090,Bette Midler
3091,Audrey Hepburn
3092,Andy Serkis
3093,Ben Stiller
3094,Andy Serkis
3095,Benjamin Bratt
3096,Andrew Garfield
3097,Andy Serkis
3098,Ashley Greene
3099,Ashley Judd
3100,Anna Faris
3101,Ben Foster
3102,Amanda Peet
3103,Andy Serkis
3104,Anthony Mackie
3105,Alessandra Ambrosio
3106,Anna Paquin
3107,Bill Pullman
3108,Beyonce Knowles
3109,Andy Serkis
3110,Andy Serkis
3111,Anne Bancroft
3112,Bill Murray
3113,Andy Serkis
3114,Audrey Tautou
3115,Bernie Mac
3116,Anthony Perkins
3117,Barbra Streisand
3118,Andy Serkis
3119,Andy Serkis
3120,Amy Ryan
3121,Ben Kingsley
3122,Amanda Seyfried
3123,Andy Serkis
3124,Adrianne Palicki
3125,Anthony Perkins
3126,Amy Adams
3127,Andy Serkis
3128,Benjamin Bratt
3129,Adam Sandler
3130,Anna Faris
3131,Adrianne Palicki
3132,Andy Serkis
3133,Adrien Brody
3134,Andy Serkis
3135,Andy Serkis
3136,Andy Serkis
3137,Andy Serkis
3138,Alex Pettyfer
3139,Andy Serkis
3140,Andy Serkis
3141,Anjelica Huston
3142,Andy Serkis
3143,Andy Serkis
3144,Aaron Taylor-Johnson
3145,Anthony Perkins
3146,Andy Serkis
3147,Andy Serkis
3148,Andy Serkis
3149,Angela Bassett
3150,Bella Hadid
3151,Ava Gardner
3152,Barabara Palvin
3153,Andy Serkis
3154,Andrew Garfield
3155,Aaron Paul
3156,Andy Serkis
3157,Ashley Graham
3158,Andy Serkis
3159,Akemi Darenogare
3160,Andie MacDowell
3161,Andy Garcia
3162,Andy Serkis
3163,Andy Serkis
3164,Bill Murray
3165,Anthony Hopkins
3166,Anthony Mackie
3167,Alice Eve
3168,Andy Serkis
3169,Billy Bob Thornton
3170,Ben Johnson
3171,Ashley Greene
3172,Amy Ryan
3173,Berenice Bejo
3174,Anjelica Huston
3175,Andreea Diaconu
3176,Andy Serkis
3177,Andy Serkis
3178,Amanda Crew
3179,Alex Pettyfer
3180,Anna Kendrick
3181,Andy Serkis
3182,Andy Serkis
3183,Anne Baxter
3184,Armin Mueller-Stahl
3185,Andie MacDowell
3186,Ben Affleck
3187,Billy Bob Thornton
3188,Bette Midler
3189,Bernie Mac
3190,Alessandra Ambrosio
3191,Andrew Garfield
3192,Beyonce Knowles
3193,Andy Serkis
3194,Andy Garcia
3195,Andy Serkis
3196,Adriana Barraza
3197,Bill Hader
3198,Anna Faris
3199,Andy Serkis
3200,Albert Finney
3201,Andy Serkis
3202,AnnaSophia Robb
3203,Albert Brooks
3204,Andy Serkis
3205,Benedict Cumberbatch
3206,Amy Adams
3207,Bernie Mac
3208,Amy Ryan
3209,Abigail Breslin
3210,Andrew Luck
3211,Alan Alda
3212,Andy Serkis
3213,Bill Pullman
3214,Albert Brooks
3215,Bella Hadid
3216,Antonio Banderas
3217,Albert Brooks
3218,Andy Serkis
3219,Andy Serkis
3220,Andy Serkis
3221,Andy Serkis
3222,Bill Hader
3223,Andrew Lincoln
3224,Anderson Cooper
3225,Aaron Taylor-Johnson
3226,Ashley Judd
3227,Amanda Seyfried
3228,Anna Kendrick
3229,Benicio Del Toro
3230,Andy Serkis
3231,Andy Serkis
3232,Ashley Judd
3233,Andrew Lincoln
3234,Billy Bob Thornton
3235,Art Carney
3236,Betty White
3237,Audrey Hepburn
3238,Arnold Schwarzenegger
3239,Antonio Banderas
3240,Adrien Brody
3241,Alice Eve
3242,Andy Serkis
3243,Bill Murray
3244,Benedict Cumberbatch
3245,Anderson Cooper
3246,Andy Garcia
3247,Anthony Hopkins
3248,Audrey Tautou
3249,Andy Serkis
3250,Alice Eve
3251,Alexander Skarsgard
3252,Alicia Vikander
3253,Amanda Seyfried
3254,Alan Alda
3255,Ben Kingsley
3256,Alexandra Daddario
3257,Adriana Lima
3258,Ben Stiller
3259,Bette Midler
3260,Ben Stiller
3261,Alex Pettyfer
3262,Alec Baldwin
3263,Andy Garcia
3264,Andy Serkis
3265,Andy Serkis
3266,Anna Friel
3267,Andy Garcia
3268,Aaron Taylor-Johnson
3269,Andrew Lincoln
3270,Andy Serkis
3271,Bill O Reilly
3272,Anthony Mackie
3273,Anne Hathaway
3274,Bill O Reilly
3275,Al Pacino
3276,Anna Friel
3277,Amy Ryan
3278,Andy Serkis
3279,Andy Serkis
3280,Andy Serkis
3281,Ben Stiller
3282,Amy Ryan
3283,Bill Rancic
3284,Andy Serkis
3285,Andy Serkis
3286,Andy Serkis
3287,Al Pacino
3288,Andy Serkis
3289,Al Roker
3290,Alexandra Daddario
3291,Anna Paquin
3292,AnnaSophia Robb
3293,Alexandra Daddario
3294,Andrew Garfield
3295,Andy Serkis
3296,Anne Hathaway
3297,Andy Serkis
3298,Andy Serkis
3299,Bill Rancic
3300,Bette Midler
3301,Anna Kendrick
3302,Ben Stiller
3303,Andy Serkis
3304,Adele
3305,Andy Serkis
3306,Amanda Crew
3307,Amanda Bynes
3308,Antonio Banderas
3309,Andy Serkis
3310,Amy Schumer
3311,Anna Kendrick
3312,Andy Serkis
3313,Andy Serkis
3314,Andy Serkis
3315,Amanda Bynes
3316,Ashley Judd
3317,Andy Serkis
3318,Barry Pepper
3319,Andy Serkis
3320,Andy Serkis
3321,Analeigh Tipton
3322,Andy Serkis
3323,Annette Bening
3324,Andy Serkis
3325,Bill Paxton
3326,Andy Serkis
3327,Ali Larter
3328,bella thorne
3329,Andy Serkis
3330,Bill O Reilly
3331,Andy Serkis
3332,Audrey Hepburn
3333,Andy Serkis
3334,Andie MacDowell
3335,Benjamin Bratt
3336,Amanda Crew
3337,Annette Bening
3338,Anderson Cooper
3339,Alec Baldwin
3340,Aaron Paul
3341,Beyonce Knowles
3342,Bill Rancic
3343,Andy Serkis
3344,Beyonce Knowles
3345,bella thorne
3346,Andy Serkis
3347,Andy Garcia
3348,Anderson Cooper
3349,Anne Hathaway
3350,Anna Paquin
3351,Audrey Hepburn
3352,Andy Serkis
3353,Andy Garcia
3354,Amanda Seyfried
3355,Antonio Banderas
3356,Alexandra Daddario
3357,Andy Serkis
3358,Ava Gardner
3359,Anna Sui
3360,Anna Faris
3361,Andy Serkis
3362,Alexandra Daddario
3363,Anthony Hopkins
3364,Alice Eve
3365,Andy Serkis
3366,Andy Serkis
3367,Angelina Jolie
3368,Andy Serkis
3369,Andy Serkis
3370,Al Pacino
3371,Aaron Paul
3372,Andy Serkis
3373,Anna Paquin
3374,Andy Serkis
3375,Benicio Del Toro
3376,Andrew Garfield
3377,Al Roker
3378,Andy Serkis
3379,Anthony Hopkins
3380,Billy Bob Thornton
3381,Annette Bening
3382,Andy Serkis
3383,Alessandra Ambrosio
3384,Andrew Lincoln
3385,Andy Serkis
3386,Andreea Diaconu
3387,Anthony Hopkins
3388,Adrianne Palicki
3389,Andy Serkis
3390,Ashley Greene
3391,Ashley Greene
3392,Bill Murray
3393,Analeigh Tipton
3394,Arnold Schwarzenegger
3395,Bill Paxton
3396,Analeigh Tipton
3397,Andy Serkis
3398,Albert Finney
3399,Ashton Kutcher
3400,Andy Serkis
3401,Benicio Del Toro
3402,Andy Serkis
3403,Bill O Reilly
3404,Andy Serkis
3405,Andy Serkis
3406,Ashley Greene
3407,Ashley Judd
3408,Benicio Del Toro
3409,Andy Serkis
3410,Andy Serkis
3411,Andy Serkis
3412,Adele
3413,Ben Johnson
3414,Andy Serkis
3415,Amy Schumer
3416,Andy Serkis
3417,Berenice Bejo
3418,Andy Serkis
3419,Alx James
3420,Andy Serkis
3421,Anne Bancroft
3422,Andy Serkis
3423,Anthony Perkins
3424,Andy Serkis
3425,Ben Foster
3426,Andy Serkis
3427,Beyonce Knowles
3428,Ben Stiller
3429,Andy Serkis
3430,Andy Serkis
3431,Andy Serkis
3432,Andy Serkis
3433,Alicia Vikander
3434,Andy Serkis
3435,Andy Serkis
3436,Andy Serkis
3437,Andy Serkis
3438,Abigail Breslin
3439,Alexis Thorpe
3440,Alexandra Daddario
3441,Berenice Bejo
3442,Adrien Brody
3443,Ben Johnson
3444,Bette Midler
3445,Aaron Taylor-Johnson
3446,Art Carney
3447,Alice Eve
3448,Ben Johnson
3449,Andy Serkis
3450,Al Roker
3451,Andy Serkis
3452,Andy Serkis
3453,Albert Brooks
3454,Andy Serkis
3455,Ashley Judd
3456,Amanda Peet
3457,Benjamin Bratt
3458,Andy Serkis
3459,Andy Serkis
3460,Audrey Hepburn
3461,Andy Serkis
3462,Andy Garcia
3463,Adrianne Palicki
3464,Bill Pullman
3465,Ava Gardner
3466,Al Pacino
3467,Aaron Paul
3468,Adrianne Palicki
3469,Andy Serkis
3470,Benjamin Bratt
3471,Anthony Hopkins
3472,Andy Serkis
3473,Aaron Paul
3474,Annette Bening
3475,Adele
3476,Al Roker
3477,Bette Midler
3478,Bill Murray
3479,Andrew Lincoln
3480,Anna Paquin
3481,Andy Serkis
3482,Bella Hadid
3483,Andy Serkis
3484,Adam Sandler
3485,Adriana Barraza
3486,Andy Serkis
3487,Andy Serkis
3488,Bette Midler
3489,Antonio Banderas
3490,Barabara Palvin
3491,Andreea Diaconu
3492,Alec Baldwin
3493,Andy Garcia
3494,Andie MacDowell
3495,Adriana Lima
3496,Adriana Barraza
3497,Anna Paquin
3498,Ben Affleck
3499,Anjelica Huston
3500,Andy Serkis
3501,Alexandra Daddario
3502,Ben Stiller
3503,Andy Serkis
3504,Alice Eve
3505,Andy Serkis
3506,Ben Kingsley
3507,Anjelica Huston
3508,Andy Serkis
3509,Amber Heard
3510,Abigail Breslin
3511,Art Carney
3512,Bill Rancic
3513,Anna Faris
3514,Alan Rickman
3515,Andy Serkis
3516,Anne Hathaway
3517,Angela Bassett
3518,Anna Paquin
3519,Andrew Lincoln
3520,Andy Serkis
3521,Andy Serkis
3522,Bill Murray
3523,Alexandra Daddario
3524,Armin Mueller-Stahl
3525,Annette Bening
3526,Andy Serkis
3527,AnnaSophia Robb
3528,Benicio Del Toro
3529,Andy Serkis
3530,Alexis Thorpe
3531,Amy Schumer
3532,Bill Daley
3533,Alessandra Ambrosio
3534,Antonio Banderas
3535,Andy Serkis
3536,Andy Serkis
3537,Andy Serkis
3538,Andy Serkis
3539,Alec Baldwin
3540,Alexis Thorpe
3541,Alice Eve
3542,Audrey Tautou
3543,Andy Serkis
3544,Betty White
3545,Andy Serkis
3546,Alan Alda
3547,Andy Serkis
3548,Bill Rancic
3549,Betty White
3550,Ashley Greene
3551,Alicia Vikander
3552,Benicio Del Toro
3553,Abigail Breslin
3554,Abigail Breslin
3555,Adrianne Palicki
3556,Akemi Darenogare
3557,Ben Johnson
3558,Andy Serkis
3559,Betty White
3560,Alicia Vikander
3561,Anthony Hopkins
3562,Billy Bob Thornton
3563,Art Carney
3564,Amy Ryan
3565,Amy Ryan
3566,Betty White
3567,Andy Serkis
3568,Andy Serkis
3569,Anne Baxter
3570,Andy Serkis
3571,Andy Serkis
3572,Anjelica Huston
3573,Andy Serkis
3574,Ben Stiller
3575,Berenice Bejo
3576,Anne Hathaway
3577,Andy Serkis
3578,Adam Sandler
3579,Angela Bassett
3580,Beyonce Knowles
3581,Bill Murray
3582,Andy Serkis
3583,Bill Paxton
3584,Andy Serkis
3585,Andy Serkis
3586,Alan Rickman
3587,Ashley Greene
3588,Andy Serkis
3589,Al Pacino
3590,Benjamin Bratt
3591,Alessandra Ambrosio
3592,Alan Arkin
3593,Ashton Kutcher
3594,Anthony Mackie
3595,Ben Stiller
3596,Adele
3597,Bill O Reilly
3598,Andy Serkis
3599,Andy Serkis
3600,Alessandra Ambrosio
3601,Amy Schumer
3602,Andy Serkis
3603,Andy Serkis
3604,Andy Serkis
3605,Bill Hader
3606,Andy Serkis
3607,Abigail Breslin
3608,Andy Serkis
3609,Anjelica Huston
3610,Art Carney
3611,Andie MacDowell
3612,Andy Serkis
3613,Bill Hader
3614,Bette Midler
3615,Ashley Judd
3616,Beyonce Knowles
3617,Alice Eve
3618,Betty White
3619,Anne Baxter
3620,Ben Foster
3621,Alexandra Daddario
3622,Anna Paquin
3623,Betty White
3624,Andy Serkis
3625,Andrew Garfield
3626,Bill Rancic
3627,Bill Rancic
3628,Ben Johnson
3629,Andie MacDowell
3630,Betty White
3631,Adele
3632,Anna Sui
3633,Andy Serkis
3634,Andy Serkis
3635,Alec Baldwin
3636,Bernie Mac
3637,Antonio Banderas
3638,Anna Kendrick
3639,Bill O Reilly
3640,Anna Sui
3641,Andrew Garfield
3642,Ben Stiller
3643,Anna Kendrick
3644,Amanda Peet
3645,Alec Baldwin
3646,Anthony Mackie
3647,Anne Hathaway
3648,Andy Serkis
3649,Betty White
3650,Andy Serkis
3651,Andy Serkis
3652,Andy Serkis
3653,Analeigh Tipton
3654,Amanda Bynes
3655,Anderson Cooper
3656,Antonio Banderas
3657,Andy Serkis
3658,Audrey Tautou
3659,Anna Kendrick
3660,Amanda Bynes
3661,Anthony Perkins
3662,Aaron Taylor-Johnson
3663,Andy Serkis
3664,Andy Serkis
3665,Albert Finney
3666,Adriana Barraza
3667,Andy Serkis
3668,Andy Serkis
3669,Andy Serkis
3670,Audrey Tautou
3671,Andy Serkis
3672,Audrey Tautou
3673,Anna Friel
3674,Ali Larter
3675,Aaron Taylor-Johnson
3676,bella thorne
3677,Ben Stiller
3678,Benicio Del Toro
3679,Andy Serkis
3680,Amanda Bynes
3681,Andy Serkis
3682,Anna Paquin
3683,Andy Serkis
3684,Andy Serkis
3685,Ben Johnson
3686,Ava Gardner
3687,Ben Affleck
3688,Antonio Banderas
3689,Andy Serkis
3690,Andy Serkis
3691,Alice Eve
3692,Andy Serkis
3693,Andy Serkis
3694,Adrianne Palicki
3695,Barabara Palvin
3696,Andy Serkis
3697,Anjelica Huston
3698,Bill Murray
3699,Amanda Seyfried
3700,Andie MacDowell
3701,Andreea Diaconu
3702,Bette Midler
3703,Andy Serkis
3704,Ben Foster
3705,Anderson Cooper
3706,Andy Serkis
3707,Andy Serkis
3708,Andy Serkis
3709,Art Carney
3710,Arnold Schwarzenegger
3711,Anderson Cooper
3712,Ben Stiller
3713,Ava Gardner
3714,Betty White
3715,Benedict Cumberbatch
3716,Ashley Graham
3717,Andy Serkis
3718,Amber Heard
3719,Ashton Kutcher
3720,Ben Kingsley
3721,Andy Serkis
3722,Andie MacDowell
3723,Art Carney
3724,Anderson Cooper
3725,Andy Serkis
3726,Anderson Cooper
3727,Aaron Paul
3728,Aaron Judge
3729,Andy Serkis
3730,Bella Hadid
3731,Andy Serkis
3732,Amanda Crew
3733,Anna Friel
3734,Billy Bob Thornton
3735,Andy Serkis
3736,Betty White
3737,Andreea Diaconu
3738,Amber Heard
3739,Ashley Graham
3740,Andrew Garfield
3741,Ashley Judd
3742,Anna Faris
3743,Aaron Taylor-Johnson
3744,Andy Serkis
3745,Andy Serkis
3746,Andy Serkis
3747,Billy Bob Thornton
3748,Andy Serkis
3749,Anna Faris
3750,Alx James
3751,Anderson Cooper
3752,Andy Serkis
3753,Andy Serkis
3754,Andy Serkis
3755,Bill Pullman
3756,Amanda Seyfried
3757,Al Roker
3758,Ashley Judd
3759,Andy Serkis
3760,Andrew Garfield
3761,Andy Serkis
3762,Alan Alda
3763,Amanda Seyfried
3764,Ashley Graham
3765,Anna Paquin
3766,Alan Alda
3767,Ben Affleck
3768,Ashley Greene
3769,Ben Johnson
3770,Anderson Cooper
3771,Andy Serkis
3772,Andrew Luck
3773,Andy Serkis
3774,Albert Brooks
3775,Andy Serkis
3776,Ashley Greene
3777,Andy Serkis
3778,Anna Friel
3779,Ashley Judd
3780,Amy Schumer
3781,Andy Serkis
3782,Abigail Breslin
3783,Andy Serkis
3784,Andy Serkis
3785,Anne Bancroft
3786,Amy Schumer
3787,Andy Serkis
3788,Andy Serkis
3789,Andy Serkis
3790,Andy Serkis
3791,Andy Serkis
3792,Andrew Luck
3793,Adriana Lima
3794,Andy Serkis
3795,Andy Serkis
3796,Alan Rickman
3797,Andy Samberg
3798,Andy Serkis
3799,Andy Serkis
3800,Barabara Palvin
3801,Amber Heard
3802,Andy Serkis
3803,Amy Adams
3804,Benjamin Bratt
3805,Bill Hader
3806,Analeigh Tipton
3807,Adele
3808,Andy Serkis
3809,Ashley Judd
3810,Andy Serkis
3811,bella thorne
3812,Ben Affleck
3813,Amanda Bynes
3814,Adriana Barraza
3815,Andy Serkis
3816,Aaron Judge
3817,Adam Sandler
3818,Alec Baldwin
3819,Andy Serkis
3820,Bill Hader
3821,Andy Serkis
3822,Anna Paquin
3823,Andy Serkis
3824,Andy Serkis
3825,Bernie Mac
3826,bella thorne
3827,Akemi Darenogare
3828,Anthony Mackie
3829,Anne Hathaway
3830,Andy Serkis
3831,Andy Serkis
3832,Andy Garcia
3833,Alexandra Daddario
3834,Barry Pepper
3835,Bernie Mac
3836,Albert Brooks
3837,Alessandra Ambrosio
3838,Bette Midler
3839,Andy Serkis
3840,Andie MacDowell
3841,Amber Heard
3842,Andy Serkis
3843,Ben Affleck
3844,Ben Affleck
3845,Andreea Diaconu
3846,Billy Bob Thornton
3847,Alex Pettyfer
3848,Andy Serkis
3849,Andy Serkis
3850,Adam Sandler
3851,Ali Larter
3852,Ashley Judd
3853,Barabara Palvin
3854,Andy Serkis
3855,Andy Serkis
3856,Andy Serkis
3857,Andy Serkis
3858,Andy Serkis
3859,Andy Serkis
3860,AnnaSophia Robb
3861,Ali Larter
3862,Andy Serkis
3863,Andy Serkis
3864,Angela Bassett
3865,Anna Kendrick
3866,Alec Baldwin
3867,Bill Murray
3868,Ben Stiller
3869,Anna Friel
3870,Andy Garcia
3871,Andy Serkis
3872,Anderson Cooper
3873,Anna Kendrick
3874,bella thorne
3875,Beyonce Knowles
3876,Anna Sui
3877,Armin Mueller-Stahl
3878,Anjelica Huston
3879,Adrianne Palicki
3880,Alan Alda
3881,Andy Serkis
3882,Andy Serkis
3883,Anne Baxter
3884,Benicio Del Toro
3885,Abigail Breslin
3886,Alex Pettyfer
3887,Anne Bancroft
3888,Angelina Jolie
3889,Bill Hader
3890,Anjelica Huston
3891,Annette Bening
3892,Andy Serkis
3893,Alexis Thorpe
3894,Andy Serkis
3895,Alec Baldwin
3896,Benicio Del Toro
3897,Arnold Schwarzenegger
3898,Adrien Brody
3899,Ben Johnson
3900,Andy Serkis
3901,Andy Serkis
3902,Andy Murray
3903,Andy Serkis
3904,Bella Hadid
3905,Andy Serkis
3906,Bernie Mac
3907,Andy Serkis
3908,Alan Rickman
3909,Andy Serkis
3910,Anthony Mackie
3911,Abigail Breslin
3912,Andie MacDowell
3913,Anna Kendrick
3914,Andy Samberg
3915,Andy Serkis
3916,Adriana Lima
3917,Anna Paquin
3918,Andy Serkis
3919,Andrew Luck
3920,Andy Serkis
3921,Andy Serkis
3922,Andy Garcia
3923,Adam Sandler
3924,Billy Bob Thornton
3925,Andy Serkis
3926,Al Pacino
3927,Ben Foster
3928,Anna Friel
3929,Alx James
3930,Andy Serkis
3931,Adrien Brody
3932,Alicia Vikander
3933,Andy Serkis
3934,Anna Kendrick
3935,Amanda Crew
3936,Alan Arkin
3937,Ava Gardner
3938,Andy Serkis
3939,Bill Paxton
3940,Andy Serkis
3941,Andy Serkis
3942,Alicia Vikander
3943,Andy Serkis
3944,Andy Serkis
3945,Andy Serkis
3946,Anderson Cooper
3947,Alexander Skarsgard
3948,Ashley Judd
3949,Akemi Darenogare
3950,Andy Serkis
3951,Alessandra Ambrosio
3952,Andy Serkis
3953,Ben Kingsley
3954,Art Carney
3955,Aaron Taylor-Johnson
3956,Andy Samberg
3957,Angela Bassett
3958,Andy Serkis
3959,Abigail Breslin
3960,Audrey Hepburn
3961,Ava Gardner
3962,Anthony Hopkins
3963,Ben Johnson
3964,Alice Eve
3965,Albert Finney
3966,Berenice Bejo
3967,Andy Serkis
3968,Andy Serkis
3969,Andy Serkis
3970,Berenice Bejo
3971,Andrew Garfield
3972,Alec Baldwin
3973,Andy Serkis
3974,Bill Paxton
3975,Ben Stiller
3976,Andy Serkis
3977,Andy Serkis
3978,Amy Schumer
3979,Ben Affleck
3980,Anthony Perkins
3981,AnnaSophia Robb
3982,Andy Serkis
3983,Betty White
3984,Amy Adams
3985,Anthony Mackie
3986,Alex Pettyfer
3987,Alan Rickman
3988,Alx James
3989,Andy Serkis
3990,Alicia Vikander
3991,Andy Serkis
3992,Andy Serkis
3993,Adele
3994,Betty White
3995,Ashley Judd
3996,Ben Johnson
3997,Ashton Kutcher
3998,Adrianne Palicki
3999,Amy Schumer
4000,Anna Paquin
4001,Andy Serkis
4002,Alan Alda
4003,Andy Serkis
4004,Andy Serkis
4005,Adriana Barraza
4006,Adrianne Palicki
4007,Bill Murray
4008,Andy Serkis
4009,Andy Murray
4010,Akemi Darenogare
4011,Adrien Brody
4012,Andy Serkis
4013,Andy Serkis
4014,Andy Serkis
4015,Anthony Mackie
4016,Anna Paquin
4017,Barry Pepper
4018,Andy Serkis
4019,Barbra Streisand
4020,Arnold Schwarzenegger
4021,Andy Samberg
4022,Andy Serkis
4023,Anne Bancroft
4024,Alan Arkin
4025,Andy Serkis
4026,Alex Pettyfer
4027,Adriana Barraza
4028,Amanda Bynes
4029,Andy Serkis
4030,Al Roker
4031,Anna Paquin
4032,Andy Serkis
4033,Andy Serkis
4034,Andy Serkis
4035,Andy Serkis
4036,Andy Serkis
4037,Bill Pullman
4038,Anjelica Huston
4039,Andy Serkis
4040,Alexandra Daddario
4041,Andy Serkis
4042,Art Carney
4043,Anthony Mackie
4044,Anne Bancroft
4045,Ava Gardner
4046,Alx James
4047,Andy Samberg
4048,Andy Serkis
4049,Abigail Breslin
4050,Benjamin Bratt
4051,Benjamin Bratt
4052,Anthony Hopkins
4053,Anjelica Huston
4054,Andy Serkis
4055,Alexandra Daddario
4056,Benjamin Bratt
4057,Andy Serkis
4058,Al Pacino
4059,Bill Paxton
4060,Al Pacino
4061,Ashley Judd
4062,Andy Serkis
4063,Ashley Greene
4064,Art Carney
4065,Andy Serkis
4066,Al Pacino
4067,Bill Daley
4068,Andy Serkis
4069,Anne Hathaway
4070,Anderson Cooper
4071,Barry Pepper
4072,Andy Serkis
4073,Alan Arkin
4074,Andie MacDowell
4075,Amy Schumer
4076,Adriana Barraza
4077,Anna Faris
4078,Andy Serkis
4079,Anne Hathaway
4080,Beyonce Knowles
4081,Barabara Palvin
4082,Ali Larter
4083,Bill Paxton
4084,Anna Kendrick
4085,Andy Serkis
4086,Barabara Palvin
4087,Andy Serkis
4088,Anna Friel
4089,Andy Serkis
4090,Barry Pepper
4091,Barabara Palvin
4092,Andy Serkis
4093,Anne Baxter
4094,Albert Brooks
4095,Andy Serkis
4096,Ashley Graham
4097,Andy Samberg
4098,Amber Heard
4099,Alan Rickman
4100,Andy Serkis
4101,Anna Paquin
4102,Alan Alda
4103,Art Carney
4104,Bill O Reilly
4105,AnnaSophia Robb
4106,Andy Serkis
4107,Billy Bob Thornton
4108,Andy Garcia
4109,Andy Serkis
4110,Alx James
4111,Andy Serkis
4112,Arnold Schwarzenegger
4113,Barry Pepper
4114,Adriana Lima
4115,Amy Schumer
4116,Analeigh Tipton
4117,Adam Sandler
4118,Alicia Vikander
4119,Antonio Banderas
4120,Anne Hathaway
4121,Amanda Bynes
4122,Benjamin Bratt
4123,Betty White
4124,Ashley Judd
4125,Barry Pepper
4126,Andy Serkis
4127,Alan Alda
4128,Andy Serkis
4129,Alessandra Ambrosio
4130,Andy Serkis
4131,Andy Serkis
4132,Alec Baldwin
4133,Andy Serkis
4134,Arnold Schwarzenegger
4135,Andy Samberg
4136,Andrew Garfield
4137,Adriana Lima
4138,Amy Schumer
4139,Barry Pepper
4140,Berenice Bejo
4141,Andy Serkis
4142,Andy Serkis
4143,Andy Serkis
4144,Adrien Brody
4145,AnnaSophia Robb
4146,Andrew Lincoln
4147,Adrianne Palicki
4148,Andy Serkis
4149,Bill Rancic
4150,Andy Serkis
4151,Andy Serkis
4152,Alexandra Daddario
4153,Andy Murray
4154,bella thorne
4155,Andy Serkis
4156,bella thorne
4157,Andy Serkis
4158,Amanda Bynes
4159,Andy Serkis
4160,Andy Serkis
4161,Amber Heard
4162,Anna Faris
4163,Audrey Hepburn
4164,Ben Johnson
4165,Ashley Graham
4166,Art Carney
4167,Alx James
4168,Andy Serkis
4169,Angelina Jolie
4170,Bella Hadid
4171,Andy Serkis
4172,AnnaSophia Robb
4173,Andy Serkis
4174,Ashley Judd
4175,Andy Serkis
4176,Bella Hadid
4177,Alan Rickman
4178,Barbra Streisand
4179,Barry Pepper
4180,Ashley Greene
4181,Andy Garcia
4182,Berenice Bejo
4183,Andy Murray
4184,Andy Serkis
4185,Bill Paxton
4186,Andy Serkis
4187,Ashley Greene
4188,Alan Arkin
4189,Alexandra Daddario
4190,Andy Serkis
4191,Andy Serkis
4192,Bette Midler
4193,Ashley Greene
4194,Amanda Seyfried
4195,Alexandra Daddario
4196,Anna Paquin
4197,Ben Foster
4198,Aaron Taylor-Johnson
4199,Alice Eve
4200,Arnold Schwarzenegger
4201,Betty White
4202,Alexander Skarsgard
4203,Alec Baldwin
4204,Andy Serkis
4205,Betty White
4206,Ashley Judd
4207,Anthony Hopkins
4208,Andy Serkis
4209,Andy Serkis
4210,Andy Serkis
4211,Anthony Hopkins
4212,Ashton Kutcher
4213,Amanda Crew
4214,Alessandra Ambrosio
4215,Ben Affleck
4216,Andy Serkis
4217,Anne Hathaway
4218,Anjelica Huston
4219,Angela Bassett
4220,Andy Serkis
4221,Andy Serkis
4222,Adriana Barraza
4223,Bill O Reilly
4224,Andy Serkis
4225,Bernie Mac
4226,Abigail Breslin
4227,Andy Serkis
4228,Alexandra Daddario
4229,Amber Heard
4230,Amanda Bynes
4231,Ben Affleck
4232,Ben Affleck
4233,Andy Serkis
4234,Andy Serkis
4235,Arnold Schwarzenegger
4236,Andy Samberg
4237,Andy Serkis
4238,Alicia Vikander
4239,Anthony Hopkins
4240,Andy Serkis
4241,Alan Arkin
4242,Billy Bob Thornton
4243,Barabara Palvin
4244,Beyonce Knowles
4245,Amanda Peet
4246,Andy Serkis
4247,Betty White
4248,Andy Murray
4249,Anjelica Huston
4250,Andy Serkis
4251,Andy Murray
4252,Anderson Cooper
4253,Andy Samberg
4254,Anna Paquin
4255,Andy Serkis
4256,Akemi Darenogare
4257,Andy Serkis
4258,Anthony Hopkins
4259,Andy Serkis
4260,Anne Hathaway
4261,Andy Serkis
4262,Benjamin Bratt
4263,Anthony Perkins
4264,Annette Bening
4265,Arnold Schwarzenegger
4266,Ben Johnson
4267,Andy Serkis
4268,Andy Serkis
4269,Al Pacino
4270,Andy Samberg
4271,Andy Serkis
4272,Angela Bassett
4273,Bill O Reilly
4274,Andy Serkis
4275,Andy Garcia
4276,Betty White
4277,Barbra Streisand
4278,Bette Midler
4279,Bernie Mac
4280,Aaron Taylor-Johnson
4281,Andy Serkis
4282,Al Pacino
4283,Andy Serkis
4284,Andy Serkis
4285,Anthony Mackie
4286,Analeigh Tipton
4287,Andy Serkis
4288,Adele
4289,Alx James
4290,Andy Serkis
4291,bella thorne
4292,Andy Serkis
4293,Andy Serkis
4294,Ashley Greene
4295,Ben Stiller
4296,Andy Serkis
4297,Anderson Cooper
4298,Antonio Banderas
4299,Anjelica Huston
4300,Anne Bancroft
4301,Andy Serkis
4302,Andy Samberg
4303,Andy Serkis
4304,Bill Paxton
4305,Angela Bassett
4306,Andy Serkis
4307,Ashley Judd
4308,Barabara Palvin
4309,Anthony Mackie
4310,Ashley Graham
4311,Angela Bassett
4312,Alex Pettyfer
4313,Antonio Banderas
4314,Barbra Streisand
4315,Andy Serkis
4316,Andy Serkis
4317,Andy Serkis
4318,Andy Serkis
4319,Ben Kingsley
4320,Ben Stiller
4321,Audrey Hepburn
4322,Andy Serkis
4323,Alx James
4324,Ashley Judd
4325,Andy Serkis
4326,Andy Serkis
4327,Andy Serkis
4328,Benicio Del Toro
4329,Adam Sandler
4330,Andy Serkis
4331,Benjamin Bratt
4332,Anne Hathaway
4333,Andy Serkis
4334,Anna Friel
4335,Anna Paquin
4336,Adam Sandler
4337,Andy Serkis
4338,Ben Johnson
4339,Andy Serkis
4340,Alexis Thorpe
4341,Andy Serkis
4342,Andy Serkis
4343,Andy Murray
4344,Andy Garcia
4345,Ben Stiller
4346,Andy Serkis
4347,Andy Serkis
4348,Andy Serkis
4349,Alex Pettyfer
4350,Andy Serkis
4351,Betty White
4352,Andy Serkis
4353,Andy Serkis
4354,Andy Serkis
4355,Bill Hader
4356,Andy Serkis
4357,Ben Stiller
4358,Ava Gardner
4359,Adrien Brody
4360,Ben Stiller
4361,Alexandra Daddario
4362,Andy Serkis
4363,Billy Bob Thornton
4364,Amanda Crew
4365,Anderson Cooper
4366,Andy Serkis
4367,Amanda Seyfried
4368,Andrew Lincoln
4369,Anjelica Huston
4370,Bette Midler
4371,Ashley Greene
4372,Andrew Garfield
4373,Amanda Bynes
4374,Andy Serkis
4375,Bill Rancic
4376,Alan Alda
4377,Amy Ryan
4378,Amy Schumer
4379,Angelina Jolie
4380,Alx James
4381,Ashley Greene
4382,Ben Johnson
4383,Benjamin Bratt
4384,Andy Serkis
4385,Alex Pettyfer
4386,Albert Brooks
4387,Andy Serkis
4388,Bette Midler
4389,Bill Hader
4390,Andy Serkis
4391,Andy Serkis
4392,Adrianne Palicki
4393,Andy Serkis
4394,Amy Adams
4395,Anthony Hopkins
4396,Bill Pullman
4397,Andy Serkis
4398,Andy Serkis
4399,Adrianne Palicki
4400,Andy Serkis
4401,Bill Daley
4402,Billy Bob Thornton
4403,Andy Serkis
4404,Betty White
4405,Andy Serkis
4406,Anna Faris
4407,Andy Serkis
4408,Andy Serkis
4409,Antonio Banderas
4410,Amber Heard
4411,Andy Serkis
4412,Andy Serkis
4413,Amy Adams
4414,Alicia Vikander
4415,Andy Serkis
4416,Bette Midler
4417,Andy Serkis
4418,Andie MacDowell
4419,Adam Sandler
4420,Alex Pettyfer
4421,Ben Kingsley
4422,Bill Hader
4423,Ben Kingsley
4424,Andy Serkis
4425,Anne Hathaway
4426,Amanda Bynes
4427,Alessandra Ambrosio
4428,Andreea Diaconu
4429,Andy Samberg
4430,Andy Serkis
4431,Alan Rickman
4432,Andy Serkis
4433,Ben Foster
4434,Ben Stiller
4435,Amanda Seyfried
4436,Andy Serkis
4437,Andy Serkis
4438,Billy Bob Thornton
4439,Audrey Hepburn
4440,Berenice Bejo
4441,Andy Serkis
4442,Berenice Bejo
4443,Alec Baldwin
4444,Akemi Darenogare
4445,Adele
4446,Anthony Hopkins
4447,Ali Larter
4448,Ben Affleck
4449,Audrey Hepburn
4450,Andy Serkis
4451,Andy Serkis
4452,Armin Mueller-Stahl
4453,Abigail Breslin
4454,Ashley Judd
4455,Andy Serkis
4456,Andy Serkis
4457,Berenice Bejo
4458,Adriana Lima
4459,Bette Midler
4460,Ashley Judd
4461,Andy Serkis
4462,Ben Johnson
4463,Andy Serkis
4464,Andy Serkis
4465,Alex Pettyfer
4466,Andy Serkis
4467,Ashley Greene
4468,Ashton Kutcher
4469,Al Roker
4470,Andy Serkis
4471,Albert Brooks
4472,Andy Serkis
4473,Ashley Graham
4474,Bill Rancic
4475,Andy Serkis
4476,Andy Samberg
4477,Andy Serkis
4478,Akemi Darenogare
4479,Ben Stiller
4480,Andy Garcia
4481,Andy Serkis
4482,Andy Serkis
4483,Alan Rickman
4484,Andy Serkis
4485,Barabara Palvin
4486,Andy Serkis
4487,bella thorne
4488,Andrew Lincoln
4489,Amanda Bynes
4490,Andy Serkis
4491,Andy Serkis
4492,Andy Samberg
4493,Ashley Graham
4494,Andy Serkis
4495,Anna Faris
4496,Andy Serkis
4497,Ali Larter
4498,Adele
4499,Adele
4500,Art Carney
4501,Abigail Breslin
4502,Al Pacino
4503,Ben Kingsley
4504,Ben Stiller
4505,Anne Hathaway
4506,Anna Faris
4507,Andy Serkis
4508,Andy Serkis
4509,Andy Serkis
4510,Alicia Vikander
4511,Adrianne Palicki
4512,Andy Serkis
4513,Andy Serkis
4514,Ali Larter
4515,Ashley Graham
4516,Anthony Hopkins
4517,Albert Brooks
4518,Andie MacDowell
4519,Angela Bassett
4520,Ashley Judd
4521,Aaron Taylor-Johnson
4522,Andy Serkis
4523,Ben Foster
4524,Andrew Garfield
4525,Adele
4526,Ava Gardner
4527,Bella Hadid
4528,Alessandra Ambrosio
4529,Alan Rickman
4530,Adrien Brody
4531,Amanda Peet
4532,Beyonce Knowles
4533,Ashley Greene
4534,Aaron Taylor-Johnson
4535,Andy Serkis
4536,Andrew Luck
4537,Andy Serkis
4538,Arnold Schwarzenegger
4539,Anthony Mackie
4540,AnnaSophia Robb
4541,Andy Serkis
4542,Ashley Judd
4543,Andy Serkis
4544,Alan Arkin
4545,Ava Gardner
4546,Bette Midler
4547,Amanda Seyfried
4548,Andy Samberg
4549,bella thorne
4550,Audrey Tautou
4551,bella thorne
4552,Amanda Peet
4553,Alec Baldwin
4554,Andy Serkis
4555,Audrey Tautou
4556,Audrey Hepburn
4557,Bernie Mac
4558,Andrew Lincoln
4559,Andy Serkis
4560,Ashley Greene
4561,Bella Hadid
4562,Amanda Bynes
4563,Amy Schumer
4564,Andy Serkis
4565,Andy Serkis
4566,Barbra Streisand
4567,Andy Serkis
4568,Albert Finney
4569,Andy Serkis
4570,Amy Ryan
4571,Andy Serkis
4572,Amanda Seyfried
4573,Bernie Mac
4574,Andy Serkis
4575,Benedict Cumberbatch
4576,Analeigh Tipton
4577,Andy Serkis
4578,Andy Serkis
4579,Ashley Graham
4580,Andy Serkis
4581,Anna Paquin
4582,Barbra Streisand
4583,Berenice Bejo
4584,Amanda Seyfried
4585,Amy Adams
4586,Anna Faris
4587,Andy Serkis
4588,Amy Ryan
4589,Ava Gardner
4590,Anjelica Huston
4591,Andy Serkis
4592,Alec Baldwin
4593,Andy Serkis
4594,Amanda Seyfried
4595,Art Carney
4596,Alx James
4597,Andy Serkis
4598,Analeigh Tipton
4599,Andy Serkis
4600,Alx James
4601,Aaron Paul
4602,Anjelica Huston
4603,Akemi Darenogare
4604,Bella Hadid
4605,Adrien Brody
4606,Andy Serkis
4607,Andrew Garfield
4608,Anjelica Huston
4609,Anna Paquin
4610,Andy Serkis
4611,Andy Serkis
4612,Alicia Vikander
4613,Bella Hadid
4614,Benedict Cumberbatch
4615,Ben Johnson
4616,Alan Rickman
4617,Ali Larter
4618,Anjelica Huston
4619,Betty White
4620,Andy Serkis
4621,Andy Serkis
4622,Alessandra Ambrosio
4623,Antonio Banderas
4624,Audrey Tautou
4625,Adrien Brody
4626,Analeigh Tipton
4627,Adriana Lima
4628,Andy Serkis
4629,Andy Serkis
4630,Bill Pullman
4631,Andy Serkis
4632,Andy Serkis
4633,Anna Paquin
4634,Andy Serkis
4635,Anna Faris
4636,Art Carney
4637,Ashley Greene
4638,Ben Foster
4639,Audrey Hepburn
4640,Andy Serkis
4641,Alan Rickman
4642,Audrey Tautou
4643,Aaron Taylor-Johnson
4644,Anna Faris
4645,Ali Larter
4646,Betty White
4647,Antonio Banderas
4648,Andy Serkis
4649,Ashley Greene
4650,Ben Kingsley
4651,Anna Sui
4652,Andy Serkis
4653,Barabara Palvin
4654,Andy Serkis
4655,Bill Daley
4656,Andy Serkis
4657,Berenice Bejo
4658,Ben Kingsley
4659,Amy Ryan
4660,Andy Serkis
4661,Andie MacDowell
4662,Adrien Brody
4663,Ashley Judd
4664,Anne Bancroft
4665,Andy Samberg
4666,Billy Bob Thornton
4667,Ashton Kutcher
4668,Aaron Taylor-Johnson
4669,Alan Rickman
4670,Alexis Thorpe
4671,Andy Serkis
4672,Alan Rickman
4673,Adrianne Palicki
4674,Ben Stiller
4675,Andy Murray
4676,Albert Brooks
4677,Andy Serkis
4678,Amy Adams
4679,Anna Kendrick
4680,Anthony Hopkins
4681,Andreea Diaconu
4682,Amanda Seyfried
4683,Adriana Lima
4684,Andy Serkis
4685,Albert Brooks
4686,Andy Serkis
4687,Bella Hadid
4688,Ben Stiller
4689,Andy Serkis
4690,Adrianne Palicki
4691,Angelina Jolie
4692,Andy Serkis
4693,Anthony Hopkins
4694,Andrew Lincoln
4695,Berenice Bejo
4696,Andy Serkis
4697,Andy Serkis
4698,Andy Serkis
4699,Andy Serkis
4700,Bill Murray
4701,Andy Serkis
4702,Amanda Crew
4703,Andy Serkis
4704,Audrey Hepburn
4705,bella thorne
4706,Andy Serkis
4707,Amy Ryan
4708,Andy Serkis
4709,Andy Serkis
4710,Andy Serkis
4711,Abigail Breslin
4712,Alex Pettyfer
4713,Andy Serkis
4714,AnnaSophia Robb
4715,Amanda Seyfried
4716,Audrey Hepburn
4717,Andie MacDowell
4718,Andy Serkis
4719,Betty White
4720,Betty White
4721,Ava Gardner
4722,Andy Serkis
4723,Anthony Hopkins
4724,Berenice Bejo
4725,Analeigh Tipton
4726,Albert Brooks
4727,Ben Johnson
4728,Andy Serkis
4729,Bernie Mac
4730,Anthony Perkins
4731,Berenice Bejo
4732,AnnaSophia Robb
4733,Anna Friel
4734,Antonio Banderas
4735,Andy Serkis
4736,Ben Affleck
4737,Andy Serkis
4738,Anna Faris
4739,Analeigh Tipton
4740,Anne Hathaway
4741,Anna Faris
4742,Andy Serkis
4743,Annette Bening
4744,Amanda Seyfried
4745,Andy Serkis
4746,Bernie Mac
4747,Amanda Seyfried
4748,Andrew Lincoln
4749,bella thorne
4750,Adriana Lima
4751,Andy Serkis
4752,Andy Serkis
4753,Anna Kendrick
4754,Alx James
4755,Adam Sandler
4756,Bill Paxton
4757,Andy Serkis
4758,Anne Baxter
4759,Ashley Graham
4760,Alex Pettyfer
4761,Barbra Streisand
4762,Armin Mueller-Stahl
4763,Andreea Diaconu
4764,Abigail Breslin
4765,Berenice Bejo
4766,Ben Stiller
4767,Amanda Peet
4768,Andy Serkis
4769,Andy Serkis
4770,Billy Bob Thornton
4771,Adrien Brody
4772,Adrien Brody
4773,Alice Eve
4774,Alexandra Daddario
4775,Andy Serkis
4776,Andy Serkis
4777,Art Carney
4778,Andy Serkis
4779,Benicio Del Toro
4780,Betty White
4781,Ava Gardner
4782,Adriana Barraza
4783,Andy Serkis
4784,Billy Bob Thornton
4785,Ali Larter
4786,Anna Paquin
4787,Amy Ryan
4788,Alan Rickman
4789,Amber Heard
4790,Bill Rancic
4791,Ashley Graham
4792,Alicia Vikander
4793,Barry Pepper
4794,Andy Serkis
4795,Bill Pullman
4796,Benedict Cumberbatch
4797,Andy Serkis
4798,Andy Serkis
4799,Andy Serkis
4800,Amanda Peet
4801,Andy Serkis
4802,Andy Serkis
4803,Ava Gardner
4804,Ashley Greene
4805,Billy Bob Thornton
4806,Ashley Greene
4807,Andy Serkis
4808,AnnaSophia Robb
4809,Audrey Tautou
4810,Antonio Banderas
4811,Anna Faris
4812,Bill Hader
4813,Anne Baxter
4814,Bette Midler
4815,Angela Bassett
4816,Ashley Graham
4817,Andy Serkis
4818,Andy Samberg
4819,Andy Serkis
4820,Andy Serkis
4821,Anna Friel
4822,Anna Paquin
4823,Andy Serkis
4824,Andy Serkis
4825,Annette Bening
4826,Andy Serkis
4827,Ben Stiller
4828,Annette Bening
4829,Amber Heard
4830,Albert Finney
4831,Adam Sandler
4832,Alexandra Daddario
4833,Anna Paquin
4834,Anna Kendrick
4835,Ashley Judd
4836,Andy Serkis
4837,Andy Serkis
4838,Adrien Brody
4839,Anna Friel
4840,Aaron Paul
4841,Anne Baxter
4842,Bill Pullman
4843,Angelina Jolie
4844,Bill O Reilly
4845,Andy Serkis
4846,Anna Friel
4847,Andy Serkis
4848,Andy Serkis
4849,Alx James
4850,Andy Serkis
4851,Armin Mueller-Stahl
4852,Andy Serkis
4853,Alan Rickman
4854,Andy Serkis
4855,Andy Serkis
4856,Alexandra Daddario
4857,Andy Serkis
4858,Amanda Peet
4859,Amber Heard
4860,Alexander Skarsgard
4861,Aaron Paul
4862,Andy Serkis
4863,Barbra Streisand
4864,Ben Stiller
4865,Bill Paxton
4866,Andy Serkis
4867,Andie MacDowell
4868,Andy Serkis
4869,Anne Baxter
4870,Andy Serkis
4871,Arnold Schwarzenegger
4872,Andy Serkis
4873,Alicia Vikander
4874,AnnaSophia Robb
4875,Alicia Vikander
4876,Andy Serkis
4877,Adriana Lima
4878,Andy Serkis
4879,Andy Serkis
4880,Andy Serkis
4881,Benedict Cumberbatch
4882,Andy Serkis
4883,Andy Serkis
4884,Anna Kendrick
4885,Andrew Lincoln
4886,Bill Pullman
4887,Alexis Thorpe
4888,Andy Serkis
4889,Andy Samberg
4890,Andy Serkis
4891,Ben Johnson
4892,Andy Serkis
4893,Andy Garcia
4894,Anna Paquin
4895,Andy Serkis
4896,Amanda Bynes
4897,Andy Serkis
4898,Adriana Barraza
4899,Anthony Mackie
4900,Ashton Kutcher
4901,Andy Serkis
4902,Beyonce Knowles
4903,Anna Sui
4904,Bill O Reilly
4905,Andy Serkis
4906,Bill Rancic
4907,Anne Bancroft
4908,Andy Serkis
4909,Andy Serkis
4910,Audrey Hepburn
4911,Andrew Luck
4912,Andy Serkis
4913,Ashley Greene
4914,Andy Serkis
4915,Andy Samberg
4916,Amy Schumer
4917,Andy Serkis
4918,Andy Serkis
4919,Andy Serkis
4920,Betty White
4921,Amy Ryan
4922,Andy Serkis
4923,Andy Serkis
4924,Andy Serkis
4925,Andy Serkis
4926,Andy Serkis
4927,Audrey Hepburn
4928,Benedict Cumberbatch
4929,Angela Bassett
4930,Ashton Kutcher
4931,Anna Sui
4932,Ben Affleck
4933,Beyonce Knowles
4934,Al Pacino
4935,Bella Hadid
4936,Alan Alda
4937,Andy Serkis
4938,Andy Serkis
4939,Al Roker
4940,Ashley Judd
4941,Anna Faris
4942,Andy Serkis
4943,Ashley Graham
4944,Al Pacino
4945,Ashley Judd
4946,Andy Serkis
4947,Art Carney
4948,Andy Serkis
4949,Anne Bancroft
4950,Barry Pepper
4951,Bill Daley
4952,Anna Faris
4953,Alan Rickman
4954,Anjelica Huston
4955,Albert Finney
4956,Andy Serkis
4957,Alexander Skarsgard
4958,Albert Finney
4959,Amanda Bynes
4960,Anjelica Huston
4961,Adriana Barraza
4962,Andy Serkis
4963,Andy Serkis
4964,Anne Bancroft
4965,Anthony Mackie
4966,Andrew Lincoln
4967,Art Carney
4968,Andy Serkis
4969,Andy Serkis
4970,Andy Serkis
4971,Andy Serkis
4972,Andy Serkis
4973,Andy Serkis
4974,Bill Hader
4975,Amanda Crew
4976,bella thorne
